X,Y,Z,Name,CHOFER,AUXILIAR,TIPO,GENERA_ORDEN,ARMA_A,ARMA_B,ROL_DE_ARMADO,ENTREGA_CROSS_DOCK_A,ENTREGA_CROSS_DOCK_B,ENTREGA_TIENDA,DISTANCIA_RECORRIDA_KM,TIEMPO_DE_RUTA,TURNO,DISTRIBUCION,ROL_DE_ENTREGA,TIENDA,DIRECCION,LATITUD,LONGITUD,CLASIFICACION,ZONA,MUNICIPIO,ESTADO,PAIS,NO_ECONOMICO,ALMACEN_ARMADO,ARMA_A_NUM,ARMA_B_NUM,ID_TIENDA,NO_SERIE,CODIGO_POSTAL,FRECUENCIA,DEMANDA_DIARIA_EN_CAJAS,DEMANDA_POR_VIAJE,CAPACIDAD_PALLETS,CAPACIDAD_CAJAS,ALMACEN ARMADO,ARMA A,ARMA A NUM,ARMA B,ARMA B NUM,DEMANDA DIARIA EN CAJAS,DEMANDA POR VIAJE,DIGO POSTAL,ECONOMICO,ENTREGA CROSS DOCK A,ENTREGA CROSS DOCK B,ENTREGA TIENDA,GENERA ORDEN,ID TIENDA,N,ROL DE ARMADO,ROL DE ENTREGA,S,SERIE,TIEMPO DE RUTA
-106.413903,23.277063,0,CROSS,CROSS,CROSS,CROSS,CROSS,CROSS,CROSS,CROSS,CROSS,CROSS,CROSS,CROSS,CROSS,CROSS,CROSS,CROSS,CROSS DOCK MAZATLβàöΟÖN,"Internacional Mβàö¬©xico 15 332, Sin Nombre, 82129 Mazatlβàö¬Αn, Sin.",23.277063,-106.413903,CROSS,CROSS,CROSS,CROSS,CROSS,CROSS,CROSS,CROSS,CROSS,CROSS,CROSS,CROSS,CROSS,CROSS,CROSS,CROSS,CROSS,CROSS,CROSS,CROSS,CROSS,CROSS,CROSS,CROSS,CROSS,CROSS,CROSS,CROSS,CROSS,CROSS,CROSS,"Internacional Mβàö¬©xico 15 332, Sin Nombre, 82129 Mazatlβàö¬Αn, Sin.",CROSS,CROSS,CROSS,CROSS,CROSS
-106.480679,23.299391,0,MZTM01,CESAR MENDIVIL,DIEGO SILVA,RUTA SECOS,-,VIERNES A,VIERNES B,MIXTO,SβàöΟÖBADO A,SβàöΟÖBADO B,LUNES,22 km,-,MATUTINO,LOCAL,BISEMANAL,41070 GAS CERRITOS,AV SABALO-CERRITOS,23.299391,-106.480679,AAA,MAZATLβàöΟÖN,MAZATLAN,SINALOA,MβàöΟΔXICO,2842 10 PALLETS,85500,5,5,41070,1,82148,3.5,24.87664474,87.06825658,10,720,85500,VIERNES A,5,VIERNES B,5,24.87664474,87.06825658,82148,2842 10 PALLETS,SβàöΟÖBADO A,SβàöΟÖBADO B,LUNES,-,41070,AV SABALO-CERRITOS,MIXTO,BISEMANAL,MβàöΟΔXICO,1,-
-106.480029,23.29746,0,MZTM01,CESAR MENDIVIL,DIEGO SILVA,RUTA SECOS,-,VIERNES A,VIERNES B,MIXTO,SβàöΟÖBADO A,SβàöΟÖBADO B,LUNES,22 km,-,MATUTINO,LOCAL,BISEMANAL,41050 CERRITOS PLAYA,AV SABALO CERRITOS,23.29746,-106.480029,AAA,MAZATLβàöΟÖN,MAZATLAN,SINALOA,MβàöΟΔXICO,2842 10 PALLETS,85500,5,5,41050,2,82148,3.5,16.80098684,58.80345395,10,720,85500,VIERNES A,5,VIERNES B,5,16.80098684,58.80345395,82148,2842 10 PALLETS,SβàöΟÖBADO A,SβàöΟÖBADO B,LUNES,-,41050,AV SABALO CERRITOS,MIXTO,BISEMANAL,MβàöΟΔXICO,2,-
-106.470724,23.285829,0,MZTM01,CESAR MENDIVIL,DIEGO SILVA,RUTA SECOS,-,VIERNES A,VIERNES B,MIXTO,SβàöΟÖBADO A,SβàöΟÖBADO B,LUNES,22 km,-,MATUTINO,LOCAL,BISEMANAL,41035 CERRITOS,AV SABALO CERRITOS,23.285829,-106.470724,AAA,MAZATLβàöΟÖN,MAZATLAN,SINALOA,MβàöΟΔXICO,2842 10 PALLETS,85500,5,5,41035,3,82148,3.5,21.17598684,74.11595395,10,720,85500,VIERNES A,5,VIERNES B,5,21.17598684,74.11595395,82148,2842 10 PALLETS,SβàöΟÖBADO A,SβàöΟÖBADO B,LUNES,-,41035,AV SABALO CERRITOS,MIXTO,BISEMANAL,MβàöΟΔXICO,3,-
-106.45129,23.27003,0,MZTM01,CESAR MENDIVIL,DIEGO SILVA,RUTA SECOS,-,MIβàöΟΔRCOLES A,MIβàöΟΔRCOLES B,MIXTO,JUEVES A,JUEVES B,LUNES,22 km,-,MATUTINO,LOCAL,MIXTO,41106 GAS LA MARINA,AV. MARINA MAZATLAN,23.27003,-106.45129,A,MAZATLβàöΟÖN,MAZATLAN,SINALOA,MβàöΟΔXICO,2842 10 PALLETS,85500,3,3,41106,4,82102,7,9.276315789,64.93421053,10,720,85500,MIβàöΟΔRCOLES A,3,MIβàöΟΔRCOLES B,3,9.276315789,64.93421053,82102,2842 10 PALLETS,JUEVES A,JUEVES B,LUNES,-,41106,AV. MARINA MAZATLAN,MIXTO,MIXTO,MβàöΟΔXICO,4,-
-106.4452415,23.28285261,0,MZTM01,CESAR MENDIVIL,DIEGO SILVA,RUTA SECOS,-,MIβàöΟΔRCOLES A,MIβàöΟΔRCOLES B,MIXTO,JUEVES A,JUEVES B,LUNES,22 km,-,MATUTINO,LOCAL,MIXTO,41081 PASEO DEL PACIFICO,AV. JOSE LUIS PECHE RICE GARCIA,23.28285261,-106.4452415,A,MAZATLβàöΟÖN,MAZATLAN,SINALOA,MβàöΟΔXICO,2842 10 PALLETS,85500,3,3,41081,5,82129,7,7.705592105,53.93914474,10,720,85500,MIβàöΟΔRCOLES A,3,MIβàöΟΔRCOLES B,3,7.705592105,53.93914474,82129,2842 10 PALLETS,JUEVES A,JUEVES B,LUNES,-,41081,AV. JOSE LUIS PECHE RICE GARCIA,MIXTO,MIXTO,MβàöΟΔXICO,5,-
-106.434024,23.275087,0,MZTM01,CESAR MENDIVIL,DIEGO SILVA,RUTA SECOS,-,MIβàöΟΔRCOLES A,MIβàöΟΔRCOLES B,MIXTO,JUEVES A,JUEVES B,LUNES,22 km,-,MATUTINO,LOCAL,MIXTO,41056 REAL PACIFICO,ARTICO,23.275087,-106.434024,AAA,MAZATLβàöΟÖN,MAZATLAN,SINALOA,MβàöΟΔXICO,2842 10 PALLETS,85500,3,3,41056,6,82124,7,12.17927632,85.25493421,10,720,85500,MIβàöΟΔRCOLES A,3,MIβàöΟΔRCOLES B,3,12.17927632,85.25493421,82124,2842 10 PALLETS,JUEVES A,JUEVES B,LUNES,-,41056,ARTICO,MIXTO,MIXTO,MβàöΟΔXICO,6,-
-106.4273262,23.27569912,0,MZTM01,CESAR MENDIVIL,DIEGO SILVA,RUTA SECOS,-,MIβàöΟΔRCOLES A,MIβàöΟΔRCOLES B,MIXTO,JUEVES A,JUEVES B,LUNES,22 km,-,MATUTINO,LOCAL,MIXTO,41026 SAN GUILLERMO,SAN GUILLERMO,23.27569912,-106.4273262,AAA,MAZATLβàöΟÖN,MAZATLAN,SINALOA,MβàöΟΔXICO,2842 10 PALLETS,85500,3,3,41026,7,82124,7,12.70559211,88.93914474,10,720,85500,MIβàöΟΔRCOLES A,3,MIβàöΟΔRCOLES B,3,12.70559211,88.93914474,82124,2842 10 PALLETS,JUEVES A,JUEVES B,LUNES,-,41026,SAN GUILLERMO,MIXTO,MIXTO,MβàöΟΔXICO,7,-
-106.39713,23.24785,0,MZTM02,CHRISTIAN CARRASCO,JORGE BANDILLA,RUTA SECOS,-,VIERNES A,VIERNES B,MIXTO,SβàöΟÖBADO A,SβàöΟÖBADO B,LUNES,33 km,-,MATUTINO,LOCAL,MIXTO,41101 VILLAS DEL REY,CALLE DE LAS TORRES,23.24785,-106.39713,AA,MAZATLβàöΟÖN,MAZATLAN,SINALOA,MβàöΟΔXICO,2843 10 PALLETS,85500,5,5,41101,1,82164,7,11.15953947,78.11677632,10,720,85500,VIERNES A,5,VIERNES B,5,11.15953947,78.11677632,82164,2843 10 PALLETS,SβàöΟÖBADO A,SβàöΟÖBADO B,LUNES,-,41101,CALLE DE LAS TORRES,MIXTO,MIXTO,MβàöΟΔXICO,1,-
-106.375195,23.217456,0,MZTM02,CHRISTIAN CARRASCO,JORGE BANDILLA,RUTA SECOS,-,VIERNES A,VIERNES B,MIXTO,SβàöΟÖBADO A,SβàöΟÖBADO B,LUNES,33 km,-,MATUTINO,LOCAL,MIXTO,41085 GAS URIAS,CARRETERA INTERNACIONAL AL SUR,23.217456,-106.375195,AA,MAZATLβàöΟÖN,MAZATLAN,SINALOA,MβàöΟΔXICO,2843 10 PALLETS,85500,5,5,41085,2,82099,7,9.498355263,66.48848684,10,720,85500,VIERNES A,5,VIERNES B,5,9.498355263,66.48848684,82099,2843 10 PALLETS,SβàöΟÖBADO A,SβàöΟÖBADO B,LUNES,-,41085,CARRETERA INTERNACIONAL AL SUR,MIXTO,MIXTO,MβàöΟΔXICO,2,-
-106.3659825,23.20870727,0,MZTM02,CHRISTIAN CARRASCO,JORGE BANDILLA,RUTA SECOS,-,VIERNES A,VIERNES B,MIXTO,SβàöΟÖBADO A,SβàöΟÖBADO B,LUNES,33 km,-,MATUTINO,LOCAL,MIXTO,41030 GAS LA SIRENA,CARRETERA INTERNACIONAL,23.20870727,-106.3659825,AAA,MAZATLβàöΟÖN,MAZATLAN,SINALOA,MβàöΟΔXICO,2843 10 PALLETS,85500,5,5,41030,3,82070,7,14.26809211,99.87664474,10,720,85500,VIERNES A,5,VIERNES B,5,14.26809211,99.87664474,82070,2843 10 PALLETS,SβàöΟÖBADO A,SβàöΟÖBADO B,LUNES,-,41030,CARRETERA INTERNACIONAL,MIXTO,MIXTO,MβàöΟΔXICO,3,-
-106.34497,23.19215,0,MZTM02,CHRISTIAN CARRASCO,JORGE BANDILLA,RUTA SECOS,-,VIERNES A,VIERNES B,MIXTO,SβàöΟÖBADO A,SβàöΟÖBADO B,LUNES,33 km,-,MATUTINO,LOCAL,MIXTO,41103 MAGNOLIA,COSTA GENOVA,23.19215,-106.34497,A,MAZATLβàöΟÖN,MAZATLAN,SINALOA,MβàöΟΔXICO,2843 10 PALLETS,85500,5,5,41103,4,82150,7,10.83059211,75.81414474,10,720,85500,VIERNES A,5,VIERNES B,5,10.83059211,75.81414474,82150,2843 10 PALLETS,SβàöΟÖBADO A,SβàöΟÖBADO B,LUNES,-,41103,COSTA GENOVA,MIXTO,MIXTO,MβàöΟΔXICO,4,-
-106.33119,23.18918,0,MZTM02,CHRISTIAN CARRASCO,JORGE BANDILLA,RUTA SECOS,-,VIERNES A,VIERNES B,MIXTO,SβàöΟÖBADO A,SβàöΟÖBADO B,LUNES,33 km,-,MATUTINO,LOCAL,MIXTO,41051 SANTA FE,AV PASADENA,23.18918,-106.33119,AAA,MAZATLβàöΟÖN,MAZATLAN,SINALOA,MβàöΟΔXICO,2843 10 PALLETS,85500,5,5,41051,5,82150,7,14.59703947,102.1792763,10,720,85500,VIERNES A,5,VIERNES B,5,14.59703947,102.1792763,82150,2843 10 PALLETS,SβàöΟÖBADO A,SβàöΟÖBADO B,LUNES,-,41051,AV PASADENA,MIXTO,MIXTO,MβàöΟΔXICO,5,-
-106.325564,23.188995,0,MZTM02,CHRISTIAN CARRASCO,JORGE BANDILLA,RUTA SECOS,-,VIERNES A,VIERNES B,MIXTO,SβàöΟÖBADO A,SβàöΟÖBADO B,LUNES,33 km,-,MATUTINO,LOCAL,MIXTO,41112 LOS ANGELES,AV. CALIFORNIA,23.188995,-106.325564,AA,MAZATLβàöΟÖN,MAZATLAN,SINALOA,MβàöΟΔXICO,2843 10 PALLETS,85500,5,5,41112,6,82150,7,9.786184211,68.50328947,10,720,85500,VIERNES A,5,VIERNES B,5,9.786184211,68.50328947,82150,2843 10 PALLETS,SβàöΟÖBADO A,SβàöΟÖBADO B,LUNES,-,41112,AV. CALIFORNIA,MIXTO,MIXTO,MβàöΟΔXICO,6,-
-106.389344,23.232375,0,MZTM02,CHRISTIAN CARRASCO,JORGE BANDILLA,RUTA SECOS,-,VIERNES A,VIERNES B,MIXTO,SβàöΟÖBADO A,SβàöΟÖBADO B,LUNES,33 km,-,MATUTINO,LOCAL,MIXTO,41036 GASMAZ COLOSIO,AV LUIS DONALDO COLOSIO,23.232375,-106.389344,AA,MAZATLβàöΟÖN,MAZATLAN,SINALOA,MβàöΟΔXICO,2843 10 PALLETS,85500,5,5,41036,7,82190,7,9.103618421,63.72532895,10,720,85500,VIERNES A,5,VIERNES B,5,9.103618421,63.72532895,82190,2843 10 PALLETS,SβàöΟÖBADO A,SβàöΟÖBADO B,LUNES,-,41036,AV LUIS DONALDO COLOSIO,MIXTO,MIXTO,MβàöΟΔXICO,7,-
-106.4013842,23.21534983,0,MZTM03,HUMBERTO GARCIA,ZAHID BURGUEβàöΟΪO,RUTA SECOS,-,VIERNES A,VIERNES B,MIXTO,SβàöΟÖBADO A,SβàöΟÖBADO B,LUNES,27 km,-,VESPERTINO,LOCAL,BISEMANAL,41015 ALFREDO BONFIL,AV PUERTO DE VERACRUZ,23.21534983,-106.4013842,AAA,MAZATLβàöΟÖN,MAZATLAN,SINALOA,MβàöΟΔXICO,2450 10 PALLETS,85500,5,5,41015,1,82050,3.5,16.01973684,56.06907895,10,720,85500,VIERNES A,5,VIERNES B,5,16.01973684,56.06907895,82050,2450 10 PALLETS,SβàöΟÖBADO A,SβàöΟÖBADO B,LUNES,-,41015,AV PUERTO DE VERACRUZ,MIXTO,BISEMANAL,MβàöΟΔXICO,1,-
-106.4072497,23.21279477,0,MZTM03,HUMBERTO GARCIA,ZAHID BURGUEβàöΟΪO,RUTA SECOS,-,VIERNES A,VIERNES B,MIXTO,SβàöΟÖBADO A,SβàöΟÖBADO B,LUNES,27 km,-,VESPERTINO,LOCAL,MIXTO,41018 GABRIEL LEYVA,AV GABRIEL LEYVA SOLANO,23.21279477,-106.4072497,AAA,MAZATLβàöΟÖN,MAZATLAN,SINALOA,MβàöΟΔXICO,2450 10 PALLETS,85500,5,5,41018,2,82038,7,13.85690789,96.99835526,10,720,85500,VIERNES A,5,VIERNES B,5,13.85690789,96.99835526,82038,2450 10 PALLETS,SβàöΟÖBADO A,SβàöΟÖBADO B,LUNES,-,41018,AV GABRIEL LEYVA SOLANO,MIXTO,MIXTO,MβàöΟΔXICO,2,-
-106.411308,23.207203,0,MZTM03,HUMBERTO GARCIA,ZAHID BURGUEβàöΟΪO,RUTA SECOS,-,VIERNES A,VIERNES B,MIXTO,SβàöΟÖBADO A,SβàöΟÖBADO B,LUNES,27 km,-,VESPERTINO,LOCAL,MIXTO,41053 ZARAGOZA,AV ZARAGOZA,23.207203,-106.411308,AAA,MAZATLβàöΟÖN,MAZATLAN,SINALOA,MβàöΟΔXICO,2450 10 PALLETS,85500,5,5,41053,3,82000,7,13.61842105,95.32894737,10,720,85500,VIERNES A,5,VIERNES B,5,13.61842105,95.32894737,82000,2450 10 PALLETS,SβàöΟÖBADO A,SβàöΟÖBADO B,LUNES,-,41053,AV ZARAGOZA,MIXTO,MIXTO,MβàöΟΔXICO,3,-
-106.42204,23.19574,0,MZTM03,HUMBERTO GARCIA,ZAHID BURGUEβàöΟΪO,RUTA SECOS,-,VIERNES A,VIERNES B,MIXTO,SβàöΟÖBADO A,SβàöΟÖBADO B,LUNES,27 km,-,VESPERTINO,LOCAL,MIXTO,41057 MIGUEL ALEMAN,AV MIGUEL ALEMAN,23.19574,-106.42204,AAA,MAZATLβàöΟÖN,MAZATLAN,SINALOA,MβàöΟΔXICO,2450 10 PALLETS,85500,5,5,41057,4,82000,7,17.5,122.5,10,720,85500,VIERNES A,5,VIERNES B,5,17.5,122.5,82000,2450 10 PALLETS,SβàöΟÖBADO A,SβàöΟÖBADO B,LUNES,-,41057,AV MIGUEL ALEMAN,MIXTO,MIXTO,MβàöΟΔXICO,4,-
-106.422845,23.208545,0,MZTM03,HUMBERTO GARCIA,ZAHID BURGUEβàöΟΪO,RUTA SECOS,-,VIERNES A,VIERNES B,MIXTO,SβàöΟÖBADO A,SβàöΟÖBADO B,LUNES,27 km,-,VESPERTINO,LOCAL,BISEMANAL,41038 PASEO CLAUSSEN,AV MEXICO,23.208545,-106.422845,AAA,MAZATLβàöΟÖN,MAZATLAN,SINALOA,MβàöΟΔXICO,2450 10 PALLETS,85500,5,5,41038,5,82000,3.5,18.37171053,64.30098684,10,720,85500,VIERNES A,5,VIERNES B,5,18.37171053,64.30098684,82000,2450 10 PALLETS,SβàöΟÖBADO A,SβàöΟÖBADO B,LUNES,-,41038,AV MEXICO,MIXTO,BISEMANAL,MβàöΟΔXICO,5,-
-106.428378,23.22767551,0,MZTM03,HUMBERTO GARCIA,ZAHID BURGUEβàöΟΪO,RUTA SECOS,-,VIERNES A,VIERNES B,MIXTO,SβàöΟÖBADO A,SβàöΟÖBADO B,LUNES,27 km,-,VESPERTINO,LOCAL,BISEMANAL,41005 ACUARIO,AV DE LOS DEPORTES,23.22767551,-106.428378,AAA,MAZATLβàöΟÖN,MAZATLAN,SINALOA,MβàöΟΔXICO,2450 10 PALLETS,85500,5,5,41005,6,82017,3.5,20.78125,72.734375,10,720,85500,VIERNES A,5,VIERNES B,5,20.78125,72.734375,82017,2450 10 PALLETS,SβàöΟÖBADO A,SβàöΟÖBADO B,LUNES,-,41005,AV DE LOS DEPORTES,MIXTO,BISEMANAL,MβàöΟΔXICO,6,-
-106.401599,23.259597,0,MZTM03,HUMBERTO GARCIA,ZAHID BURGUEβàöΟΪO,RUTA SECOS,-,VIERNES A,VIERNES B,MIXTO,SβàöΟÖBADO A,SβàöΟÖBADO B,LUNES,27 km,-,VESPERTINO,LOCAL,MIXTO,41117 ARBOLEDAS,MEXICALI,23.259597,-106.401599,A,MAZATLβàöΟÖN,MAZATLAN,SINALOA,MβàöΟΔXICO,2450 10 PALLETS,85500,5,5,41117,7,82136,7,7.993421053,55.95394737,10,720,85500,VIERNES A,5,VIERNES B,5,7.993421053,55.95394737,82136,2450 10 PALLETS,SβàöΟÖBADO A,SβàöΟÖBADO B,LUNES,-,41117,MEXICALI,MIXTO,MIXTO,MβàöΟΔXICO,7,-
-106.413253,23.351284,0,MZTM04,CESAR MENDIVIL,DIEGO SILVA,RUTA SECOS,-,VIERNES A,VIERNES B,MIXTO,SβàöΟÖBADO A,SβàöΟÖBADO B,MARTES,52 km,-,MATUTINO,LOCAL,MIXTO,41069 GAS HABAL,CARRET INTERNACIONAL AL NORTE,23.351284,-106.413253,AA,MAZATLβàöΟÖN,MAZATLAN,SINALOA,MβàöΟΔXICO,2842 12 PALLETS,85500,5,5,41069,1,82270,7,12.70559211,88.93914474,12,840,85500,VIERNES A,5,VIERNES B,5,12.70559211,88.93914474,82270,2842 12 PALLETS,SβàöΟÖBADO A,SβàöΟÖBADO B,MARTES,-,41069,CARRET INTERNACIONAL AL NORTE,MIXTO,MIXTO,MβàöΟΔXICO,1,-
-106.478856,23.3622,0,MZTM04,CESAR MENDIVIL,DIEGO SILVA,RUTA SECOS,-,VIERNES A,VIERNES B,MIXTO,SβàöΟÖBADO A,SβàöΟÖBADO B,MARTES,52 km,-,MATUTINO,LOCAL,MIXTO,41068 GAS CARDONES,CARR MAXIPISTA MAZATLAN-CULIACAN,23.3622,-106.478856,AAA,MAZATLβàöΟÖN,MAZATLAN,SINALOA,MβàöΟΔXICO,2842 12 PALLETS,85500,5,5,41068,2,82270,7,17.70559211,123.9391447,12,840,85500,VIERNES A,5,VIERNES B,5,17.70559211,123.9391447,82270,2842 12 PALLETS,SβàöΟÖBADO A,SβàöΟÖBADO B,MARTES,-,41068,CARR MAXIPISTA MAZATLAN-CULIACAN,MIXTO,MIXTO,MβàöΟΔXICO,2,-
-106.461747,23.25847,0,MZTM04,CESAR MENDIVIL,DIEGO SILVA,RUTA SECOS,-,VIERNES A,VIERNES B,MIXTO,SβàöΟÖBADO A,SβàöΟÖBADO B,MARTES,52 km,-,MATUTINO,LOCAL,MIXTO,41079 LOMAS DE MAZATLAN,BLVD DEL SABALO,23.25847,-106.461747,AA,MAZATLβàöΟÖN,MAZATLAN,SINALOA,MβàöΟΔXICO,2842 12 PALLETS,85500,5,5,41079,3,8210,7,9.572368421,67.00657895,12,840,85500,VIERNES A,5,VIERNES B,5,9.572368421,67.00657895,8210,2842 12 PALLETS,SβàöΟÖBADO A,SβàöΟÖBADO B,MARTES,-,41079,BLVD DEL SABALO,MIXTO,MIXTO,MβàöΟΔXICO,3,-
-106.459343,23.259118,0,MZTM04,CESAR MENDIVIL,DIEGO SILVA,RUTA SECOS,-,VIERNES A,VIERNES B,MIXTO,SβàöΟÖBADO A,SβàöΟÖBADO B,MARTES,52 km,-,MATUTINO,LOCAL,MIXTO,41047 SABALO COUNTRY,AV DEL TIBURON,23.259118,-106.459343,AA,MAZATLβàöΟÖN,MAZATLAN,SINALOA,MβàöΟΔXICO,2842 12 PALLETS,85500,5,5,41047,4,82100,7,10.54276316,73.79934211,12,840,85500,VIERNES A,5,VIERNES B,5,10.54276316,73.79934211,82100,2842 12 PALLETS,SβàöΟÖBADO A,SβàöΟÖBADO B,MARTES,-,41047,AV DEL TIBURON,MIXTO,MIXTO,MβàöΟΔXICO,4,-
-106.454124,23.24783569,0,MZTM04,CESAR MENDIVIL,DIEGO SILVA,RUTA SECOS,-,VIERNES A,VIERNES B,MIXTO,SβàöΟÖBADO A,SβàöΟÖBADO B,MARTES,52 km,-,MATUTINO,LOCAL,MIXTO,41020 CAMARON SABALO,CALZADA CAMARON SABALO,23.24783569,-106.454124,AAA,MAZATLβàöΟÖN,MAZATLAN,SINALOA,MβàöΟΔXICO,2842 12 PALLETS,85500,5,5,41020,5,82110,7,15.35361842,107.4753289,12,840,85500,VIERNES A,5,VIERNES B,5,15.35361842,107.4753289,82110,2842 12 PALLETS,SβàöΟÖBADO A,SβàöΟÖBADO B,MARTES,-,41020,CALZADA CAMARON SABALO,MIXTO,MIXTO,MβàöΟΔXICO,5,-
-106.449878,23.243383,0,MZTM04,CESAR MENDIVIL,DIEGO SILVA,RUTA SECOS,-,VIERNES A,VIERNES B,MIXTO,SβàöΟÖBADO A,SβàöΟÖBADO B,MARTES,52 km,-,MATUTINO,LOCAL,MIXTO,41037 ZONA DORADA,CAMARON SABALO,23.243383,-106.449878,AA,MAZATLβàöΟÖN,MAZATLAN,SINALOA,MβàöΟΔXICO,2842 12 PALLETS,85500,5,5,41037,6,82110,7,10.58388158,74.08717105,12,840,85500,VIERNES A,5,VIERNES B,5,10.58388158,74.08717105,82110,2842 12 PALLETS,SβàöΟÖBADO A,SβàöΟÖBADO B,MARTES,-,41037,CAMARON SABALO,MIXTO,MIXTO,MβàöΟΔXICO,6,-
-106.429175,23.248155,0,MZTM04,CESAR MENDIVIL,DIEGO SILVA,RUTA SECOS,-,VIERNES A,VIERNES B,MIXTO,SβàöΟÖBADO A,SβàöΟÖBADO B,MARTES,52 km,-,MATUTINO,LOCAL,MIXTO,41045 RAFAEL BUELNA,CALZADA RAFAEL BUELNA,23.248155,-106.429175,AAA,MAZATLβàöΟÖN,MAZATLAN,SINALOA,MβàöΟΔXICO,2842 12 PALLETS,85500,5,5,41045,7,82127,7,12.49177632,87.44243421,12,840,85500,VIERNES A,5,VIERNES B,5,12.49177632,87.44243421,82127,2842 12 PALLETS,SβàöΟÖBADO A,SβàöΟÖBADO B,MARTES,-,41045,CALZADA RAFAEL BUELNA,MIXTO,MIXTO,MβàöΟΔXICO,7,-
-106.4093479,23.27239159,0,MZTM05,CHRISTIAN CARRASCO,JORGE BANDILLA,RUTA SECOS,-,VIERNES A,VIERNES B,MIXTO,SβàöΟÖBADO A,SβàöΟÖBADO B,MARTES,17 km,-,MATUTINO,LOCAL,MIXTO,41011 OSCAR PEREZ,AV OSCAR PEREZ ESCOBOZA,23.27239159,-106.4093479,AA,MAZATLβàöΟÖN,MAZATLAN,SINALOA,MβàöΟΔXICO,2843 10 PALLETS,85500,5,5,41011,1,82134,7,10.97039474,76.79276316,10,720,85500,VIERNES A,5,VIERNES B,5,10.97039474,76.79276316,82134,2843 10 PALLETS,SβàöΟÖBADO A,SβàöΟÖBADO B,MARTES,-,41011,AV OSCAR PEREZ ESCOBOZA,MIXTO,MIXTO,MβàöΟΔXICO,1,-
-106.41112,23.2703,0,MZTM05,CHRISTIAN CARRASCO,JORGE BANDILLA,RUTA SECOS,-,VIERNES A,VIERNES B,MIXTO,SβàöΟÖBADO A,SβàöΟÖBADO B,MARTES,17 km,-,MATUTINO,LOCAL,MIXTO,41097 ALARCON,AV DE LOS DELFINES,23.2703,-106.41112,AA,MAZATLβàöΟÖN,MAZATLAN,SINALOA,MβàöΟΔXICO,2843 10 PALLETS,85500,5,5,41097,2,82132,7,10,70,10,720,85500,VIERNES A,5,VIERNES B,5,10,70,82132,2843 10 PALLETS,SβàöΟÖBADO A,SβàöΟÖBADO B,MARTES,-,41097,AV DE LOS DELFINES,MIXTO,MIXTO,MβàöΟΔXICO,2,-
-106.421,23.22550735,0,MZTM05,CHRISTIAN CARRASCO,JORGE BANDILLA,RUTA SECOS,-,VIERNES A,VIERNES B,MIXTO,SβàöΟÖBADO A,SβàöΟÖBADO B,MARTES,17 km,-,MATUTINO,LOCAL,MIXTO,41031 CENTRAL MAZATLAN,BENEMERITO DE LAS AMERICAS,23.22550735,-106.421,AA,MAZATLβàöΟÖN,MAZATLAN,SINALOA,MβàöΟΔXICO,2843 10 PALLETS,85500,5,5,41031,3,82010,7,12.77960526,89.45723684,10,720,85500,VIERNES A,5,VIERNES B,5,12.77960526,89.45723684,82010,2843 10 PALLETS,SβàöΟÖBADO A,SβàöΟÖBADO B,MARTES,-,41031,BENEMERITO DE LAS AMERICAS,MIXTO,MIXTO,MβàöΟΔXICO,3,-
-106.4216041,23.22814885,0,MZTM05,CHRISTIAN CARRASCO,JORGE BANDILLA,RUTA SECOS,-,VIERNES A,VIERNES B,MIXTO,SβàöΟÖBADO A,SβàöΟÖBADO B,MARTES,17 km,-,MATUTINO,LOCAL,MIXTO,41021 RIO CHACHALACAS,AV EJERCITO MEXICANO,23.22814885,-106.4216041,AA,MAZATLβàöΟÖN,MAZATLAN,SINALOA,MβàöΟΔXICO,2843 10 PALLETS,85500,5,5,41021,4,82016,7,9.029605263,63.20723684,10,720,85500,VIERNES A,5,VIERNES B,5,9.029605263,63.20723684,82016,2843 10 PALLETS,SβàöΟÖBADO A,SβàöΟÖBADO B,MARTES,-,41021,AV EJERCITO MEXICANO,MIXTO,MIXTO,MβàöΟΔXICO,4,-
-106.4315402,23.23915528,0,MZTM05,CHRISTIAN CARRASCO,JORGE BANDILLA,RUTA SECOS,-,VIERNES A,VIERNES B,MIXTO,SβàöΟÖBADO A,SβàöΟÖBADO B,MARTES,17 km,-,MATUTINO,LOCAL,MIXTO,41019 INSURGENTES MAZATLAN,AV INSURGENTES,23.23915528,-106.4315402,AA,MAZATLβàöΟÖN,MAZATLAN,SINALOA,MβàöΟΔXICO,2843 10 PALLETS,85500,5,5,41019,5,82140,7,10.27138158,71.89967105,10,720,85500,VIERNES A,5,VIERNES B,5,10.27138158,71.89967105,82140,2843 10 PALLETS,SβàöΟÖBADO A,SβàöΟÖBADO B,MARTES,-,41019,AV INSURGENTES,MIXTO,MIXTO,MβàöΟΔXICO,5,-
-106.434525,23.243585,0,MZTM05,CHRISTIAN CARRASCO,JORGE BANDILLA,RUTA SECOS,-,VIERNES A,VIERNES B,MIXTO,SβàöΟÖBADO A,SβàöΟÖBADO B,MARTES,17 km,-,MATUTINO,LOCAL,MIXTO,41042 ALAMEDA,AV DE LA MARINA,23.243585,-106.434525,A,MAZATLβàöΟÖN,MAZATLAN,SINALOA,MβàöΟΔXICO,2843 10 PALLETS,85500,5,5,41042,6,82120,7,7.1875,50.3125,10,720,85500,VIERNES A,5,VIERNES B,5,7.1875,50.3125,82120,2843 10 PALLETS,SβàöΟÖBADO A,SβàöΟÖBADO B,MARTES,-,41042,AV DE LA MARINA,MIXTO,MIXTO,MβàöΟΔXICO,6,-
-106.431713,23.243682,0,MZTM05,CHRISTIAN CARRASCO,JORGE BANDILLA,RUTA SECOS,-,VIERNES A,VIERNES B,MIXTO,SβàöΟÖBADO A,SβàöΟÖBADO B,MARTES,17 km,-,VESPERTINO,LOCAL,MIXTO,41126 SANCHEZ CELIS,SINALOA,23.243682,-106.431713,AA,MAZATLβàöΟÖN,MAZATLAN,SINALOA,MβàöΟΔXICO,2843 10 PALLETS,85500,5,5,41126,7,82120,7,11.36513158,79.55592105,10,720,85500,VIERNES A,5,VIERNES B,5,11.36513158,79.55592105,82120,2843 10 PALLETS,SβàöΟÖBADO A,SβàöΟÖBADO B,MARTES,-,41126,SINALOA,MIXTO,MIXTO,MβàöΟΔXICO,7,-
-106.380693,23.273826,0,MZTM06,HUMBERTO GARCIA,ZAHID BURGUEβàöΟΪO,RUTA SECOS,-,VIERNES A,VIERNES B,MIXTO,SβàöΟÖBADO A,SβàöΟÖBADO B,MARTES,19 km,-,VESPERTINO,LOCAL,MIXTO,41078 ESTADIO,AV MUNICH,23.273826,-106.380693,AA,MAZATLβàöΟÖN,MAZATLAN,SINALOA,MβàöΟΔXICO,2450 10 PALLETS,85500,5,5,41078,1,82139,7,10.37828947,72.64802632,12,840,85500,VIERNES A,5,VIERNES B,5,10.37828947,72.64802632,82139,2450 10 PALLETS,SβàöΟÖBADO A,SβàöΟÖBADO B,MARTES,-,41078,AV MUNICH,MIXTO,MIXTO,MβàöΟΔXICO,1,-
-106.3741135,23.27196413,0,MZTM06,HUMBERTO GARCIA,ZAHID BURGUEβàöΟΪO,RUTA SECOS,-,VIERNES A,VIERNES B,MIXTO,SβàöΟÖBADO A,SβàöΟÖBADO B,MARTES,19 km,-,VESPERTINO,LOCAL,MIXTO,41001 PROGRESO,AV GENARO ESTRADA,23.27196413,-106.3741135,AAA,MAZATLβàöΟÖN,MAZATLAN,SINALOA,MβàöΟΔXICO,2450 10 PALLETS,85500,5,5,41001,2,82139,7,14.64638158,102.5246711,10,720,85500,VIERNES A,5,VIERNES B,5,14.64638158,102.5246711,82139,2450 10 PALLETS,SβàöΟÖBADO A,SβàöΟÖBADO B,MARTES,-,41001,AV GENARO ESTRADA,MIXTO,MIXTO,MβàöΟΔXICO,2,-
-106.367214,23.274155,0,MZTM06,HUMBERTO GARCIA,ZAHID BURGUEβàöΟΪO,RUTA SECOS,-,VIERNES A,VIERNES B,MIXTO,SβàöΟÖBADO A,SβàöΟÖBADO B,MARTES,19 km,-,VESPERTINO,LOCAL,MIXTO,41044 PRADERA DORADA,AV RIO PANUCO,23.274155,-106.367214,AAA,MAZATLβàöΟÖN,MAZATLAN,SINALOA,MβàöΟΔXICO,2450 10 PALLETS,85500,5,5,41044,3,82139,7,11.94901316,83.64309211,10,720,85500,VIERNES A,5,VIERNES B,5,11.94901316,83.64309211,82139,2450 10 PALLETS,SβàöΟÖBADO A,SβàöΟÖBADO B,MARTES,-,41044,AV RIO PANUCO,MIXTO,MIXTO,MβàöΟΔXICO,3,-
-106.363024,23.27328,0,MZTM06,HUMBERTO GARCIA,ZAHID BURGUEβàöΟΪO,RUTA SECOS,-,VIERNES A,VIERNES B,MIXTO,SβàöΟÖBADO A,SβàöΟÖBADO B,MARTES,19 km,-,VESPERTINO,LOCAL,MIXTO,41074 RIO TONALA,RIO MADEIRA,23.27328,-106.363024,A,MAZATLβàöΟÖN,MAZATLAN,SINALOA,MβàöΟΔXICO,2450 10 PALLETS,85500,5,5,41074,4,82139,7,9.703947368,67.92763158,10,720,85500,VIERNES A,5,VIERNES B,5,9.703947368,67.92763158,82139,2450 10 PALLETS,SβàöΟÖBADO A,SβàöΟÖBADO B,MARTES,-,41074,RIO MADEIRA,MIXTO,MIXTO,MβàöΟΔXICO,4,-
-106.376397,23.28321,0,MZTM06,HUMBERTO GARCIA,ZAHID BURGUEβàöΟΪO,RUTA SECOS,-,VIERNES A,VIERNES B,MIXTO,SβàöΟÖBADO A,SβàöΟÖBADO B,MARTES,19 km,-,VESPERTINO,LOCAL,MIXTO,41109 LA CANTERA,AV. PRADERA DORADA,23.28321,-106.376397,A,MAZATLβàöΟÖN,MAZATLAN,SINALOA,MβàöΟΔXICO,2450 10 PALLETS,85500,5,5,41109,5,82139,7,7.532894737,52.73026316,10,720,85500,VIERNES A,5,VIERNES B,5,7.532894737,52.73026316,82139,2450 10 PALLETS,SβàöΟÖBADO A,SβàöΟÖBADO B,MARTES,-,41109,AV. PRADERA DORADA,MIXTO,MIXTO,MβàöΟΔXICO,5,-
-106.379705,23.281795,0,MZTM06,HUMBERTO GARCIA,ZAHID BURGUEβàöΟΪO,RUTA SECOS,-,VIERNES A,VIERNES B,MIXTO,SβàöΟÖBADO A,SβàöΟÖBADO B,MARTES,19 km,-,VESPERTINO,LOCAL,MIXTO,41060 MONTE RIBEREβàöΟΪO,AV SANTA ROSA,23.281795,-106.379705,AAA,MAZATLβàöΟÖN,MAZATLAN,SINALOA,MβàöΟΔXICO,2450 10 PALLETS,85500,5,5,41060,6,82139,7,12.97697368,90.83881579,10,720,85500,VIERNES A,5,VIERNES B,5,12.97697368,90.83881579,82139,2450 10 PALLETS,SβàöΟÖBADO A,SβàöΟÖBADO B,MARTES,-,41060,AV SANTA ROSA,MIXTO,MIXTO,MβàöΟΔXICO,6,-
-106.388548,23.273183,0,MZTM06,HUMBERTO GARCIA,ZAHID BURGUEβàöΟΪO,RUTA SECOS,-,VIERNES A,VIERNES B,MIXTO,SβàöΟÖBADO A,SβàöΟÖBADO B,MARTES,19 km,-,VESPERTINO,LOCAL,MIXTO,41088 VALLE BONITO,CALLE VALLE DORADO,23.273183,-106.388548,AA,MAZATLβàöΟÖN,MAZATLAN,SINALOA,MβàöΟΔXICO,2450 10 PALLETS,85500,5,5,41088,7,82136,7,11.96546053,83.75822368,12,840,85500,VIERNES A,5,VIERNES B,5,11.96546053,83.75822368,82136,2450 10 PALLETS,SβàöΟÖBADO A,SβàöΟÖBADO B,MARTES,-,41088,CALLE VALLE DORADO,MIXTO,MIXTO,MβàöΟΔXICO,7,-
-106.4185026,23.26289572,0,MZTM07,CESAR MENDIVIL,DIEGO SILVA,RUTA SECOS,-,LUNES A,LUNES B,MIXTO,MARTES A,MARTES B,MIβàöΟΔRCOLES,14 km,-,MATUTINO,LOCAL,MIXTO,41010 LA JOYA,AV DE LAS TORRES,23.26289572,-106.4185026,A,MAZATLβàöΟÖN,MAZATLAN,SINALOA,MβàöΟΔXICO,2842 10 PALLETS,85500,1,1,41010,1,82124,7,8.741776316,61.19243421,10,720,85500,LUNES A,1,LUNES B,1,8.741776316,61.19243421,82124,2842 10 PALLETS,MARTES A,MARTES B,MIβàöΟΔRCOLES,-,41010,AV DE LAS TORRES,MIXTO,MIXTO,MβàöΟΔXICO,1,-
-106.422899,23.262083,0,MZTM07,CESAR MENDIVIL,DIEGO SILVA,RUTA SECOS,-,LUNES A,LUNES B,MIXTO,MARTES A,MARTES B,MIβàöΟΔRCOLES,14 km,-,MATUTINO,LOCAL,MIXTO,41048 PRADOS DEL SOL,AV PRADOS DEL SOL,23.262083,-106.422899,A,MAZATLβàöΟÖN,MAZATLAN,SINALOA,MβàöΟΔXICO,2842 10 PALLETS,85500,1,1,41048,2,82124,7,8.922697368,62.45888158,10,720,85500,LUNES A,1,LUNES B,1,8.922697368,62.45888158,82124,2842 10 PALLETS,MARTES A,MARTES B,MIβàöΟΔRCOLES,-,41048,AV PRADOS DEL SOL,MIXTO,MIXTO,MβàöΟΔXICO,2,-
-106.430456,23.256015,0,MZTM07,CESAR MENDIVIL,DIEGO SILVA,RUTA SECOS,-,LUNES A,LUNES B,MIXTO,MARTES A,MARTES B,MIβàöΟΔRCOLES,14 km,-,MATUTINO,LOCAL,MIXTO,41041 BICENTENARIO,AV BICENTENARIO JUAREZ,23.256015,-106.430456,AAA,MAZATLβàöΟÖN,MAZATLAN,SINALOA,MβàöΟΔXICO,2842 10 PALLETS,85500,1,1,41041,3,82127,7,11.53782895,80.76480263,10,720,85500,LUNES A,1,LUNES B,1,11.53782895,80.76480263,82127,2842 10 PALLETS,MARTES A,MARTES B,MIβàöΟΔRCOLES,-,41041,AV BICENTENARIO JUAREZ,MIXTO,MIXTO,MβàöΟΔXICO,3,-
-106.4239738,23.25568664,0,MZTM07,CESAR MENDIVIL,DIEGO SILVA,RUTA SECOS,-,LUNES A,LUNES B,MIXTO,MARTES A,MARTES B,MIβàöΟΔRCOLES,14 km,-,MATUTINO,LOCAL,MIXTO,41022 DEL DELFIN,1ERO DE MAYO,23.25568664,-106.4239738,AAA,MAZATLβàöΟÖN,MAZATLAN,SINALOA,MβàöΟΔXICO,2842 10 PALLETS,85500,1,1,41022,4,82127,7,15.44407895,108.1085526,10,720,85500,LUNES A,1,LUNES B,1,15.44407895,108.1085526,82127,2842 10 PALLETS,MARTES A,MARTES B,MIβàöΟΔRCOLES,-,41022,1ERO DE MAYO,MIXTO,MIXTO,MβàöΟΔXICO,4,-
-106.415036,23.24881405,0,MZTM07,CESAR MENDIVIL,DIEGO SILVA,RUTA SECOS,-,LUNES A,LUNES B,MIXTO,MARTES A,MARTES B,MIβàöΟΔRCOLES,14 km,-,MATUTINO,LOCAL,MIXTO,41012 SANTA ROSA,AV CIRCUNVALACION FFCC,23.24881405,-106.415036,AA,MAZATLβàöΟÖN,MAZATLAN,SINALOA,MβàöΟΔXICO,2842 10 PALLETS,85500,1,1,41012,5,82158,7,10.74835526,75.23848684,10,720,85500,LUNES A,1,LUNES B,1,10.74835526,75.23848684,82158,2842 10 PALLETS,MARTES A,MARTES B,MIβàöΟΔRCOLES,-,41012,AV CIRCUNVALACION FFCC,MIXTO,MIXTO,MβàöΟΔXICO,5,-
-106.4114584,23.24212437,0,MZTM07,CESAR MENDIVIL,DIEGO SILVA,RUTA SECOS,-,LUNES A,LUNES B,MIXTO,MARTES A,MARTES B,MIβàöΟΔRCOLES,14 km,-,MATUTINO,LOCAL,MIXTO,41028 VILLA GALAXIA,SAGITARIO,23.24212437,-106.4114584,AAA,MAZATLβàöΟÖN,MAZATLAN,SINALOA,MβàöΟΔXICO,2842 10 PALLETS,85500,1,1,41028,6,82150,7,16.66940789,116.6858553,10,720,85500,LUNES A,1,LUNES B,1,16.66940789,116.6858553,82150,2842 10 PALLETS,MARTES A,MARTES B,MIβàöΟΔRCOLES,-,41028,SAGITARIO,MIXTO,MIXTO,MβàöΟΔXICO,6,-
-106.395968,23.260533,0,MZTM07,CESAR MENDIVIL,DIEGO SILVA,RUTA SECOS,-,LUNES A,LUNES B,MIXTO,MARTES A,MARTES B,MIβàöΟΔRCOLES,14 km,-,MATUTINO,LOCAL,MIXTO,41034 MUNICH,MUNICH,23.260533,-106.395968,A,MAZATLβàöΟÖN,MAZATLAN,SINALOA,MβàöΟΔXICO,2842 10 PALLETS,85500,1,1,41034,7,82136,7,9.144736842,64.01315789,10,720,85500,LUNES A,1,LUNES B,1,9.144736842,64.01315789,82136,2842 10 PALLETS,MARTES A,MARTES B,MIβàöΟΔRCOLES,-,41034,MUNICH,MIXTO,MIXTO,MβàöΟΔXICO,7,-
-106.409746,23.285102,0,MZTM08,CHRISTIAN CARRASCO,JORGE BANDILLA,RUTA SECOS,-,LUNES A,LUNES B,MIXTO,MARTES A,MARTES B,MIβàöΟΔRCOLES,10 km,-,MATUTINO,LOCAL,MIXTO,41076 INTERNACIONAL,CARR INTERNACIONAL DEL NORTE,23.285102,-106.409746,AAA,MAZATLβàöΟÖN,MAZATLAN,SINALOA,MβàöΟΔXICO,2843 12 PALLETS,85500,1,1,41076,1,82129,7,14.58881579,102.1217105,12,840,85500,LUNES A,1,LUNES B,1,14.58881579,102.1217105,82129,2843 12 PALLETS,MARTES A,MARTES B,MIβàöΟΔRCOLES,-,41076,CARR INTERNACIONAL DEL NORTE,MIXTO,MIXTO,MβàöΟΔXICO,1,-
-106.397446,23.286704,0,MZTM08,CHRISTIAN CARRASCO,JORGE BANDILLA,RUTA SECOS,-,LUNES A,LUNES B,MIXTO,MARTES A,MARTES B,MIβàöΟΔRCOLES,10 km,-,MATUTINO,LOCAL,MIXTO,41061 SAN FRANCISCO,DE LOS DOMINICOS,23.286704,-106.397446,A,MAZATLβàöΟÖN,MAZATLAN,SINALOA,MβàöΟΔXICO,2843 12 PALLETS,85500,1,1,41061,2,82134,7,8.758223684,61.30756579,12,840,85500,LUNES A,1,LUNES B,1,8.758223684,61.30756579,82134,2843 12 PALLETS,MARTES A,MARTES B,MIβàöΟΔRCOLES,-,41061,DE LOS DOMINICOS,MIXTO,MIXTO,MβàöΟΔXICO,2,-
-106.389191,23.291819,0,MZTM08,CHRISTIAN CARRASCO,JORGE BANDILLA,RUTA SECOS,-,LUNES A,LUNES B,MIXTO,MARTES A,MARTES B,MIβàöΟΔRCOLES,10 km,-,MATUTINO,LOCAL,MIXTO,41120 CIMA HORIZONTE,AV. ISLA MUJERES,23.291819,-106.389191,A,MAZATLβàöΟÖN,MAZATLAN,SINALOA,MβàöΟΔXICO,2843 12 PALLETS,85500,1,1,41120,3,82134,7,6.373355263,44.61348684,12,840,85500,LUNES A,1,LUNES B,1,6.373355263,44.61348684,82134,2843 12 PALLETS,MARTES A,MARTES B,MIβàöΟΔRCOLES,-,41120,AV. ISLA MUJERES,MIXTO,MIXTO,MβàöΟΔXICO,3,-
-106.383995,23.29607,0,MZTM08,CHRISTIAN CARRASCO,JORGE BANDILLA,RUTA SECOS,-,LUNES A,LUNES B,MIXTO,MARTES A,MARTES B,MIβàöΟΔRCOLES,10 km,-,MATUTINO,LOCAL,MIXTO,41075 MONTE VERDE,CALLE MADAGASCAR,23.29607,-106.383995,AA,MAZATLβàöΟÖN,MAZATLAN,SINALOA,MβàöΟΔXICO,2843 12 PALLETS,85500,1,1,41075,4,82134,7,8.190789474,57.33552632,12,840,85500,LUNES A,1,LUNES B,1,8.190789474,57.33552632,82134,2843 12 PALLETS,MARTES A,MARTES B,MIβàöΟΔRCOLES,-,41075,CALLE MADAGASCAR,MIXTO,MIXTO,MβàöΟΔXICO,4,-
-106.392675,23.282778,0,MZTM08,CHRISTIAN CARRASCO,JORGE BANDILLA,RUTA SECOS,-,LUNES A,LUNES B,MIXTO,MARTES A,MARTES B,MIβàöΟΔRCOLES,10 km,-,MATUTINO,LOCAL,MIXTO,41096 COLOSIO,FRANCISCO GONZALEZ BOCA NEGRA,23.282778,-106.392675,AA,MAZATLβàöΟÖN,MAZATLAN,SINALOA,MβàöΟΔXICO,2843 12 PALLETS,85500,1,1,41096,5,82134,7,10.3125,72.1875,12,840,85500,LUNES A,1,LUNES B,1,10.3125,72.1875,82134,2843 12 PALLETS,MARTES A,MARTES B,MIβàöΟΔRCOLES,-,41096,FRANCISCO GONZALEZ BOCA NEGRA,MIXTO,MIXTO,MβàöΟΔXICO,5,-
-106.397396,23.282178,0,MZTM08,CHRISTIAN CARRASCO,JORGE BANDILLA,RUTA SECOS,-,LUNES A,LUNES B,MIXTO,MARTES A,MARTES B,MIβàöΟΔRCOLES,10 km,-,MATUTINO,LOCAL,MIXTO,41058 VALLES DEL EJIDO,AV FRANCISCO I MADERO,23.282178,-106.397396,AA,MAZATLβàöΟÖN,MAZATLAN,SINALOA,MβàöΟΔXICO,2843 12 PALLETS,85500,1,1,41058,6,82134,7,9.893092105,69.25164474,12,840,85500,LUNES A,1,LUNES B,1,9.893092105,69.25164474,82134,2843 12 PALLETS,MARTES A,MARTES B,MIβàöΟΔRCOLES,-,41058,AV FRANCISCO I MADERO,MIXTO,MIXTO,MβàöΟΔXICO,6,-
-106.4033024,23.27595427,0,MZTM08,CHRISTIAN CARRASCO,JORGE BANDILLA,RUTA SECOS,-,LUNES A,LUNES B,MIXTO,MARTES A,MARTES B,MIβàöΟΔRCOLES,10 km,-,MATUTINO,LOCAL,MIXTO,41009 LIBRAMIENTO 3,AV LIBRAMIENTO III,23.27595427,-106.4033024,AAA,MAZATLβàöΟÖN,MAZATLAN,SINALOA,MβàöΟΔXICO,2843 12 PALLETS,85500,1,1,41009,7,82134,7,12.17105263,85.19736842,12,840,85500,LUNES A,1,LUNES B,1,12.17105263,85.19736842,82134,2843 12 PALLETS,MARTES A,MARTES B,MIβàöΟΔRCOLES,-,41009,AV LIBRAMIENTO III,MIXTO,MIXTO,MβàöΟΔXICO,7,-
-106.3893662,23.26588957,0,MZTM09,HUMBERTO GARCIA,ZAHID BURGUEβàöΟΪO,RUTA SECOS,-,LUNES A,LUNES B,MIXTO,MARTES A,MARTES B,MIβàöΟΔRCOLES,17 km ,-,VESPERTINO,LOCAL,MIXTO,41002 LAS MAβàöΟΪANITAS,AV MUNICH,23.26588957,-106.3893662,AAA,MAZATLβàöΟÖN,MAZATLAN,SINALOA,MβàöΟΔXICO,2450 10 PALLETS,85500,1,1,41002,1,82139,7,13.90625,97.34375,10,720,85500,LUNES A,1,LUNES B,1,13.90625,97.34375,82139,2450 10 PALLETS,MARTES A,MARTES B,MIβàöΟΔRCOLES,-,41002,AV MUNICH,MIXTO,MIXTO,MβàöΟΔXICO,1,-
-106.3825692,23.26680631,0,MZTM09,HUMBERTO GARCIA,ZAHID BURGUEβàöΟΪO,RUTA SECOS,-,LUNES A,LUNES B,MIXTO,MARTES A,MARTES B,MIβàöΟΔRCOLES,17 km,-,VESPERTINO,LOCAL,MIXTO,41004 EL WALAMO,OLAS ALTAS,23.26680631,-106.3825692,AA,MAZATLβàöΟÖN,MAZATLAN,SINALOA,MβàöΟΔXICO,2450 10 PALLETS,85500,1,1,41004,2,82139,7,9.498355263,66.48848684,10,720,85500,LUNES A,1,LUNES B,1,9.498355263,66.48848684,82139,2450 10 PALLETS,MARTES A,MARTES B,MIβàöΟΔRCOLES,-,41004,OLAS ALTAS,MIXTO,MIXTO,MβàöΟΔXICO,2,-
-106.381887,23.26046534,0,MZTM09,HUMBERTO GARCIA,ZAHID BURGUEβàöΟΪO,RUTA SECOS,-,LUNES A,LUNES B,MIXTO,MARTES A,MARTES B,MIβàöΟΔRCOLES,17 km ,-,VESPERTINO,LOCAL,MIXTO,41024 JACARANDAS,AV JACARANDAS,23.26046534,-106.381887,AAA,MAZATLβàöΟÖN,MAZATLAN,SINALOA,MβàöΟΔXICO,2450 10 PALLETS,85500,1,1,41024,3,82139,7,12.1875,85.3125,12,840,85500,LUNES A,1,LUNES B,1,12.1875,85.3125,82139,2450 10 PALLETS,MARTES A,MARTES B,MIβàöΟΔRCOLES,-,41024,AV JACARANDAS,MIXTO,MIXTO,MβàöΟΔXICO,3,-
-106.38108,23.25465,0,MZTM09,HUMBERTO GARCIA,ZAHID BURGUEβàöΟΪO,RUTA SECOS,-,LUNES A,LUNES B,MIXTO,MARTES A,MARTES B,MIβàöΟΔRCOLES,17 km ,-,VESPERTINO,LOCAL,MIXTO,41099 MUTUALISMO,MUTUALISMO,23.25465,-106.38108,AA,MAZATLβàöΟÖN,MAZATLAN,SINALOA,MβàöΟΔXICO,2450 10 PALLETS,85500,1,1,41099,4,82198,7,10.53453947,73.74177632,12,840,85500,LUNES A,1,LUNES B,1,10.53453947,73.74177632,82198,2450 10 PALLETS,MARTES A,MARTES B,MIβàöΟΔRCOLES,-,41099,MUTUALISMO,MIXTO,MIXTO,MβàöΟΔXICO,4,-
-106.371224,23.255752,0,MZTM09,HUMBERTO GARCIA,ZAHID BURGUEβàöΟΪO,RUTA SECOS,-,LUNES A,LUNES B,MIXTO,MARTES A,MARTES B,MIβàöΟΔRCOLES,17 km ,-,VESPERTINO,LOCAL,MIXTO,41087 VILLAS DEL SOL,AV. DE LA LUNA,23.255752,-106.371224,AA,MAZATLβàöΟÖN,MAZATLAN,SINALOA,MβàöΟΔXICO,2450 10 PALLETS,85500,1,1,41087,5,82198,7,12.40953947,86.86677632,12,840,85500,LUNES A,1,LUNES B,1,12.40953947,86.86677632,82198,2450 10 PALLETS,MARTES A,MARTES B,MIβàöΟΔRCOLES,-,41087,AV. DE LA LUNA,MIXTO,MIXTO,MβàöΟΔXICO,5,-
-106.3689344,23.26160344,0,MZTM09,HUMBERTO GARCIA,ZAHID BURGUEβàöΟΪO,RUTA SECOS,-,LUNES A,LUNES B,MIXTO,MARTES A,MARTES B,MIβàöΟΔRCOLES,17 km ,-,VESPERTINO,LOCAL,MIXTO,41013 DOβàöΟΪA CHONITA,AV GENARO ESTRADA,23.26160344,-106.3689344,AAA,MAZATLβàöΟÖN,MAZATLAN,SINALOA,MβàöΟΔXICO,2450 10 PALLETS,85500,1,1,41013,6,82199,7,19.76973684,138.3881579,12,840,85500,LUNES A,1,LUNES B,1,19.76973684,138.3881579,82199,2450 10 PALLETS,MARTES A,MARTES B,MIβàöΟΔRCOLES,-,41013,AV GENARO ESTRADA,MIXTO,MIXTO,MβàöΟΔXICO,6,-
-106.363286,23.264919,0,MZTM09,HUMBERTO GARCIA,ZAHID BURGUEβàöΟΪO,RUTA SECOS,-,LUNES A,LUNES B,MIXTO,MARTES A,MARTES B,MIβàöΟΔRCOLES,17 km ,-,VESPERTINO,LOCAL,MIXTO,41123 AV DEL SOL,AV. TABACHINES,23.264919,-106.363286,A,MAZATLβàöΟÖN,MAZATLAN,SINALOA,MβàöΟΔXICO,2450 10 PALLETS,85500,1,1,41123,7,82199,7,10.55921053,73.91447368,12,840,85500,LUNES A,1,LUNES B,1,10.55921053,73.91447368,82199,2450 10 PALLETS,MARTES A,MARTES B,MIβàöΟΔRCOLES,-,41123,AV. TABACHINES,MIXTO,MIXTO,MβàöΟΔXICO,7,-
-106.3866927,23.24537844,0,MZTM10,CESAR MENDIVIL,DIEGO SILVA,RUTA SECOS,-,LUNES A,LUNES B,MIXTO,MARTES A,MARTES B,JUEVES,22 km,-,MATUTINO,LOCAL,MIXTO,41025 FLORES MAGON,AV GARDENIA,23.24537844,-106.3866927,AAA,MAZATLβàöΟÖN,MAZATLAN,SINALOA,MβàöΟΔXICO,2842 10 PALLETS,85500,1,1,41025,1,82190,7,12.26151316,85.83059211,10,720,85500,LUNES A,1,LUNES B,1,12.26151316,85.83059211,82190,2842 10 PALLETS,MARTES A,MARTES B,JUEVES,-,41025,AV GARDENIA,MIXTO,MIXTO,MβàöΟΔXICO,1,-
-106.381521,23.245561,0,MZTM10,CESAR MENDIVIL,DIEGO SILVA,RUTA SECOS,-,LUNES A,LUNES B,MIXTO,MARTES A,MARTES B,JUEVES,22 km,-,MATUTINO,LOCAL,MIXTO,41066 AZALEA,AV AZALEA,23.245561,-106.381521,AA,MAZATLβàöΟÖN,MAZATLAN,SINALOA,MβàöΟΔXICO,2842 10 PALLETS,85500,1,1,41066,2,82190,7,10.89638158,76.27467105,10,720,85500,LUNES A,1,LUNES B,1,10.89638158,76.27467105,82190,2842 10 PALLETS,MARTES A,MARTES B,JUEVES,-,41066,AV AZALEA,MIXTO,MIXTO,MβàöΟΔXICO,2,-
-106.368235,23.244197,0,MZTM10,CESAR MENDIVIL,DIEGO SILVA,RUTA SECOS,-,LUNES A,LUNES B,MIXTO,MARTES A,MARTES B,JUEVES,22 km,-,MATUTINO,LOCAL,MIXTO,41064 UNIVERSO,AV DORADO,23.244197,-106.368235,AAA,MAZATLβàöΟÖN,MAZATLAN,SINALOA,MβàöΟΔXICO,2842 10 PALLETS,85500,1,1,41064,3,82195,7,15.78125,110.46875,10,720,85500,LUNES A,1,LUNES B,1,15.78125,110.46875,82195,2842 10 PALLETS,MARTES A,MARTES B,JUEVES,-,41064,AV DORADO,MIXTO,MIXTO,MβàöΟΔXICO,3,-
-106.376966,23.236413,0,MZTM10,CESAR MENDIVIL,DIEGO SILVA,RUTA SECOS,-,LUNES A,LUNES B,MIXTO,MARTES A,MARTES B,JUEVES,22 km,-,MATUTINO,LOCAL,MIXTO,41121 GARDENIA,GARDENIA,23.236413,-106.376966,A,MAZATLβàöΟÖN,MAZATLAN,SINALOA,MβàöΟΔXICO,2842 10 PALLETS,85500,1,1,41121,4,82195,7,10.49342105,73.45394737,10,720,85500,LUNES A,1,LUNES B,1,10.49342105,73.45394737,82195,2842 10 PALLETS,MARTES A,MARTES B,JUEVES,-,41121,GARDENIA,MIXTO,MIXTO,MβàöΟΔXICO,4,-
-106.3751649,23.22897259,0,MZTM10,CESAR MENDIVIL,DIEGO SILVA,RUTA SECOS,-,LUNES A,LUNES B,MIXTO,MARTES A,MARTES B,JUEVES,22 km,-,MATUTINO,LOCAL,MIXTO,41052 VALLE DE URIAS,LAZARO CARDENAS,23.22897259,-106.3751649,AA,MAZATLβàöΟÖN,MAZATLAN,SINALOA,MβàöΟΔXICO,2842 10 PALLETS,85500,1,1,41052,5,82090,7,9.309210526,65.16447368,10,720,85500,LUNES A,1,LUNES B,1,9.309210526,65.16447368,82090,2842 10 PALLETS,MARTES A,MARTES B,JUEVES,-,41052,LAZARO CARDENAS,MIXTO,MIXTO,MβàöΟΔXICO,5,-
-106.369076,23.230294,0,MZTM10,CESAR MENDIVIL,DIEGO SILVA,RUTA SECOS,-,LUNES A,LUNES B,MIXTO,MARTES A,MARTES B,JUEVES,22 km,-,MATUTINO,LOCAL,MIXTO,41089 SANTA TERESA,AV DE LOS REYES,23.230294,-106.369076,AA,MAZATLβàöΟÖN,MAZATLAN,SINALOA,MβàöΟΔXICO,2842 10 PALLETS,85500,1,1,41089,6,82090,7,10.48519737,73.39638158,10,720,85500,LUNES A,1,LUNES B,1,10.48519737,73.39638158,82090,2842 10 PALLETS,MARTES A,MARTES B,JUEVES,-,41089,AV DE LOS REYES,MIXTO,MIXTO,MβàöΟΔXICO,6,-
-106.37174,23.224381,0,MZTM10,CESAR MENDIVIL,DIEGO SILVA,RUTA SECOS,-,LUNES A,LUNES B,MIXTO,MARTES A,MARTES B,JUEVES,22 km,-,MATUTINO,LOCAL,MIXTO,41062 URBIVILLAS,AV DE LOS REYES,23.224381,-106.37174,AAA,MAZATLβàöΟÖN,MAZATLAN,SINALOA,MβàöΟΔXICO,2842 10 PALLETS,85500,1,1,41062,7,82090,7,13.37993421,93.65953947,10,720,85500,LUNES A,1,LUNES B,1,13.37993421,93.65953947,82090,2842 10 PALLETS,MARTES A,MARTES B,JUEVES,-,41062,AV DE LOS REYES,MIXTO,MIXTO,MβàöΟΔXICO,7,-
-106.480679,23.299391,0,MZTM11,CHRISTIAN CARRASCO,JORGE BANDILLA,RUTA SECOS,-,LUNES A,LUNES B,MIXTO,MARTES A,MARTES B,JUEVES,23 km,-,MATUTINO,LOCAL,BISEMANAL,41070 GAS CERRITOS,AV SABALO-CERRITOS,23.299391,-106.480679,AAA,MAZATLβàöΟÖN,MAZATLAN,SINALOA,MβàöΟΔXICO,2843 12 PALLETS,85500,1,1,41070,1,82148,3.5,24.87664474,87.06825658,10,720,85500,LUNES A,1,LUNES B,1,24.87664474,87.06825658,82148,2843 12 PALLETS,MARTES A,MARTES B,JUEVES,-,41070,AV SABALO-CERRITOS,MIXTO,BISEMANAL,MβàöΟΔXICO,1,-
-106.480029,23.29746,0,MZTM11,CHRISTIAN CARRASCO,JORGE BANDILLA,RUTA SECOS,-,LUNES A,LUNES B,MIXTO,MARTES A,MARTES B,JUEVES,23 km,-,MATUTINO,LOCAL,BISEMANAL,41050 CERRITOS PLAYA,AV SABALO CERRITOS,23.29746,-106.480029,AAA,MAZATLβàöΟÖN,MAZATLAN,SINALOA,MβàöΟΔXICO,2843 12 PALLETS,85500,1,1,41050,2,82148,3.5,16.80098684,58.80345395,10,720,85500,LUNES A,1,LUNES B,1,16.80098684,58.80345395,82148,2843 12 PALLETS,MARTES A,MARTES B,JUEVES,-,41050,AV SABALO CERRITOS,MIXTO,BISEMANAL,MβàöΟΔXICO,2,-
-106.470724,23.285829,0,MZTM11,CHRISTIAN CARRASCO,JORGE BANDILLA,RUTA SECOS,-,LUNES A,LUNES B,MIXTO,MARTES A,MARTES B,JUEVES,23 km,-,MATUTINO,LOCAL,BISEMANAL,41035 CERRITOS,AV SABALO CERRITOS,23.285829,-106.470724,AAA,MAZATLβàöΟÖN,MAZATLAN,SINALOA,MβàöΟΔXICO,2843 12 PALLETS,85500,1,1,41035,3,82148,3.5,21.17598684,74.11595395,10,720,85500,LUNES A,1,LUNES B,1,21.17598684,74.11595395,82148,2843 12 PALLETS,MARTES A,MARTES B,JUEVES,-,41035,AV SABALO CERRITOS,MIXTO,BISEMANAL,MβàöΟΔXICO,3,-
-106.4310504,23.28243196,0,MZTM11,CHRISTIAN CARRASCO,JORGE BANDILLA,RUTA SECOS,-,LUNES A,LUNES B,MIXTO,MARTES A,MARTES B,JUEVES,23 km,-,MATUTINO,LOCAL,MIXTO,41006 REAL DEL VALLE,AV PASEO DEL ATLANTICO,23.28243196,-106.4310504,AAA,MAZATLβàöΟÖN,MAZATLAN,SINALOA,MβàöΟΔXICO,2843 12 PALLETS,85500,1,1,41006,4,82133,7,12.46710526,87.26973684,10,720,85500,LUNES A,1,LUNES B,1,12.46710526,87.26973684,82133,2843 12 PALLETS,MARTES A,MARTES B,JUEVES,-,41006,AV PASEO DEL ATLANTICO,MIXTO,MIXTO,MβàöΟΔXICO,4,-
-106.432187,23.286593,0,MZTM11,CHRISTIAN CARRASCO,JORGE BANDILLA,RUTA SECOS,-,LUNES A,LUNES B,MIXTO,MARTES A,MARTES B,JUEVES,23 km,-,MATUTINO,LOCAL,MIXTO,41072 REAL DEL VALLE 2,AV DE LAS TORRES,23.286593,-106.432187,AA,MAZATLβàöΟÖN,MAZATLAN,SINALOA,MβàöΟΔXICO,2843 12 PALLETS,85500,1,1,41072,5,82124,7,10.60855263,74.25986842,10,720,85500,LUNES A,1,LUNES B,1,10.60855263,74.25986842,82124,2843 12 PALLETS,MARTES A,MARTES B,JUEVES,-,41072,AV DE LAS TORRES,MIXTO,MIXTO,MβàöΟΔXICO,5,-
-106.4222,23.287521,0,MZTM11,CHRISTIAN CARRASCO,JORGE BANDILLA,RUTA SECOS,-,LUNES A,LUNES B,MIXTO,MARTES A,MARTES B,JUEVES,23 km,-,MATUTINO,LOCAL,MIXTO,41083 HACIENDA DEL SEMINARIO,BLVD HACIENDA DEL SEMINARIO,23.287521,-106.4222,AAA,MAZATLβàöΟÖN,MAZATLAN,SINALOA,MβàöΟΔXICO,2843 12 PALLETS,85500,1,1,41083,6,82129,7,12.82894737,89.80263158,10,720,85500,LUNES A,1,LUNES B,1,12.82894737,89.80263158,82129,2843 12 PALLETS,MARTES A,MARTES B,JUEVES,-,41083,BLVD HACIENDA DEL SEMINARIO,MIXTO,MIXTO,MβàöΟΔXICO,6,-
-106.417548,23.285916,0,MZTM11,CHRISTIAN CARRASCO,JORGE BANDILLA,RUTA SECOS,-,LUNES A,LUNES B,MIXTO,MARTES A,MARTES B,JUEVES,23 km,-,MATUTINO,LOCAL,MIXTO,41114 HACIENDA DE SANTA CECILIA,HACIENDA DE LAS FLORES,23.285916,-106.417548,A,MAZATLβàöΟÖN,MAZATLAN,SINALOA,MβàöΟΔXICO,2843 12 PALLETS,85500,1,1,41114,7,82129,7,7.491776316,52.44243421,10,720,85500,LUNES A,1,LUNES B,1,7.491776316,52.44243421,82129,2843 12 PALLETS,MARTES A,MARTES B,JUEVES,-,41114,HACIENDA DE LAS FLORES,MIXTO,MIXTO,MβàöΟΔXICO,7,-
-106.428378,23.22767551,0,MZTM12,HUMBERTO GARCIA,ZAHID BURGUEβàöΟΪO,RUTA SECOS,-,LUNES A,LUNES B,MIXTO,MARTES A,MARTES B,JUEVES,26 km,-,VESPERTINO,LOCAL,BISEMANAL,41005 ACUARIO,AV DE LOS DEPORTES,23.22767551,-106.428378,AAA,MAZATLβàöΟÖN,MAZATLAN,SINALOA,MβàöΟΔXICO,2450 10 PALLETS,85500,1,1,41005,1,82017,3.5,20.78125,72.734375,10,720,85500,LUNES A,1,LUNES B,1,20.78125,72.734375,82017,2450 10 PALLETS,MARTES A,MARTES B,JUEVES,-,41005,AV DE LOS DEPORTES,MIXTO,BISEMANAL,MβàöΟΔXICO,1,-
-106.4235889,23.22158055,0,MZTM12,HUMBERTO GARCIA,ZAHID BURGUEβàöΟΪO,RUTA SECOS,-,LUNES A,LUNES B,MIXTO,MARTES A,MARTES B,JUEVES,26 km,-,VESPERTINO,LOCAL,MIXTO,41039 MALECON MAZATLAN,AV DEL MAR,23.22158055,-106.4235889,AA,MAZATLβàöΟÖN,MAZATLAN,SINALOA,MβàöΟΔXICO,2450 10 PALLETS,85500,1,1,41039,2,82010,7,11.14309211,78.00164474,10,720,85500,LUNES A,1,LUNES B,1,11.14309211,78.00164474,82010,2450 10 PALLETS,MARTES A,MARTES B,JUEVES,-,41039,AV DEL MAR,MIXTO,MIXTO,MβàöΟΔXICO,2,-
-106.422845,23.208545,0,MZTM12,HUMBERTO GARCIA,ZAHID BURGUEβàöΟΪO,RUTA SECOS,-,LUNES A,LUNES B,MIXTO,MARTES A,MARTES B,JUEVES,26 km,-,VESPERTINO,LOCAL,BISEMANAL,41038 PASEO CLAUSSEN,AV MEXICO,23.208545,-106.422845,AAA,MAZATLβàöΟÖN,MAZATLAN,SINALOA,MβàöΟΔXICO,2450 10 PALLETS,85500,1,1,41038,3,82000,3.5,18.37171053,64.30098684,10,720,85500,LUNES A,1,LUNES B,1,18.37171053,64.30098684,82000,2450 10 PALLETS,MARTES A,MARTES B,JUEVES,-,41038,AV MEXICO,MIXTO,BISEMANAL,MβàöΟΔXICO,3,-
-106.417438,23.194426,0,MZTM12,HUMBERTO GARCIA,ZAHID BURGUEβàöΟΪO,RUTA SECOS,-,LUNES A,LUNES B,MIXTO,MARTES A,MARTES B,JUEVES,26 km,-,VESPERTINO,LOCAL,MIXTO,41105 EMILIO BARRAGAN,BLVD. EMILIO BARRAGAN,23.194426,-106.417438,A,MAZATLβàöΟÖN,MAZATLAN,SINALOA,MβàöΟΔXICO,2450 10 PALLETS,85500,1,1,41105,4,82040,7,8.355263158,58.48684211,10,720,85500,LUNES A,1,LUNES B,1,8.355263158,58.48684211,82040,2450 10 PALLETS,MARTES A,MARTES B,JUEVES,-,41105,BLVD. EMILIO BARRAGAN,MIXTO,MIXTO,MβàöΟΔXICO,4,-
-106.413588,23.200245,0,MZTM12,HUMBERTO GARCIA,ZAHID BURGUEβàöΟΪO,RUTA SECOS,-,LUNES A,LUNES B,MIXTO,MARTES A,MARTES B,JUEVES,26 km,-,VESPERTINO,LOCAL,MIXTO,41125 PUERTO DE MAZATLAN,AV EMILIO BARRAGAN NO 1201,23.200245,-106.413588,A,MAZATLβàöΟÖN,MAZATLAN,SINALOA,MβàöΟΔXICO,2450 10 PALLETS,85500,1,1,41125,5,82000,7,7.853618421,54.97532895,10,720,85500,LUNES A,1,LUNES B,1,7.853618421,54.97532895,82000,2450 10 PALLETS,MARTES A,MARTES B,JUEVES,-,41125,AV EMILIO BARRAGAN NO 1201,MIXTO,MIXTO,MβàöΟΔXICO,5,-
-106.4013842,23.21534983,0,MZTM12,HUMBERTO GARCIA,ZAHID BURGUEβàöΟΪO,RUTA SECOS,-,LUNES A,LUNES B,MIXTO,MARTES A,MARTES B,JUEVES,26 km,-,VESPERTINO,LOCAL,BISEMANAL,41015 ALFREDO BONFIL,AV PUERTO DE VERACRUZ,23.21534983,-106.4013842,AAA,MAZATLβàöΟÖN,MAZATLAN,SINALOA,MβàöΟΔXICO,2450 10 PALLETS,85500,1,1,41015,6,82050,3.5,16.01973684,56.06907895,10,720,85500,LUNES A,1,LUNES B,1,16.01973684,56.06907895,82050,2450 10 PALLETS,MARTES A,MARTES B,JUEVES,-,41015,AV PUERTO DE VERACRUZ,MIXTO,BISEMANAL,MβàöΟΔXICO,6,-
-106.400528,23.225479,0,MZTM12,HUMBERTO GARCIA,ZAHID BURGUEβàöΟΪO,RUTA SECOS,-,LUNES A,LUNES B,MIXTO,MARTES A,MARTES B,JUEVES,26 km,-,VESPERTINO,LOCAL,MIXTO,41119 LEYVA SOLANO,PEREZ ARCE,23.225479,-106.400528,A,MAZATLβàöΟÖN,MAZATLAN,SINALOA,MβàöΟΔXICO,2450 10 PALLETS,85500,1,1,41119,7,82180,7,5.756578947,40.29605263,10,720,85500,LUNES A,1,LUNES B,1,5.756578947,40.29605263,82180,2450 10 PALLETS,MARTES A,MARTES B,JUEVES,-,41119,PEREZ ARCE,MIXTO,MIXTO,MβàöΟΔXICO,7,-
-106.426963,23.198139,0,MZTM13,CESAR MENDIVIL,DIEGO SILVA,RUTA SECOS,-,LUNES A,LUNES B,MIXTO,MARTES A,MARTES B,VIERNES,21 km,-,MATUTINO,LOCAL,MIXTO,41065 PASEO OLAS ALTAS,OLAS ALTAS,23.198139,-106.426963,AAA,MAZATLβàöΟÖN,MAZATLAN,SINALOA,MβàöΟΔXICO,040 CAMIONETA,85500,1,1,41065,1,82000,7,12.30263158,86.11842105,1,80,85500,LUNES A,1,LUNES B,1,12.30263158,86.11842105,82000,040 CAMIONETA,MARTES A,MARTES B,VIERNES,-,41065,OLAS ALTAS,MIXTO,MIXTO,MβàöΟΔXICO,1,-
-106.431574,23.249065,0,MZTM14,CESAR MENDIVIL,DIEGO SILVA,RUTA SECOS,-,MIβàöΟΔRCOLES A,MIβàöΟΔRCOLES B,MIXTO,JUEVES A,JUEVES B,VIERNES,18 km,-,MATUTINO,LOCAL,MIXTO,41122 FRANCISCO SOLIS,JOSE ROBLES,23.249065,-106.431574,A,MAZATLβàöΟÖN,MAZATLAN,SINALOA,MβàöΟΔXICO,2842 10 PALLETS,85500,3,3,41122,1,82127,7,4.333881579,30.33717105,12,840,85500,MIβàöΟΔRCOLES A,3,MIβàöΟΔRCOLES B,3,4.333881579,30.33717105,82127,2842 10 PALLETS,JUEVES A,JUEVES B,VIERNES,-,41122,JOSE ROBLES,MIXTO,MIXTO,MβàöΟΔXICO,1,-
-106.438527,23.246695,0,MZTM14,CESAR MENDIVIL,DIEGO SILVA,RUTA SECOS,-,MIβàöΟΔRCOLES A,MIβàöΟΔRCOLES B,MIXTO,JUEVES A,JUEVES B,VIERNES,18 km,-,MATUTINO,LOCAL,MIXTO,41049 CITY EXPRESS,AV RAFAEL BUELNA,23.246695,-106.438527,AAA,MAZATLβàöΟÖN,MAZATLAN,SINALOA,MβàöΟΔXICO,2842 10 PALLETS,85500,3,3,41049,2,82120,7,12.19572368,85.37006579,12,840,85500,MIβàöΟΔRCOLES A,3,MIβàöΟΔRCOLES B,3,12.19572368,85.37006579,82120,2842 10 PALLETS,JUEVES A,JUEVES B,VIERNES,-,41049,AV RAFAEL BUELNA,MIXTO,MIXTO,MβàöΟΔXICO,2,-
-106.4373427,23.25172566,0,MZTM14,CESAR MENDIVIL,DIEGO SILVA,RUTA SECOS,-,MIβàöΟΔRCOLES A,MIβàöΟΔRCOLES B,MIXTO,JUEVES A,JUEVES B,VIERNES,18 km,-,MATUTINO,LOCAL,MIXTO,41007 CIRCUNVALACION,AV EJE CIRCUNVALACION PLAYAS,23.25172566,-106.4373427,A,MAZATLβàöΟÖN,MAZATLAN,SINALOA,MβàöΟΔXICO,2842 10 PALLETS,85500,3,3,41007,3,82120,7,8.569078947,59.98355263,12,840,85500,MIβàöΟΔRCOLES A,3,MIβàöΟΔRCOLES B,3,8.569078947,59.98355263,82120,2842 10 PALLETS,JUEVES A,JUEVES B,VIERNES,-,41007,AV EJE CIRCUNVALACION PLAYAS,MIXTO,MIXTO,MβàöΟΔXICO,3,-
-106.4381111,23.25873704,0,MZTM14,CESAR MENDIVIL,DIEGO SILVA,RUTA SECOS,-,MIβàöΟΔRCOLES A,MIβàöΟΔRCOLES B,MIXTO,JUEVES A,JUEVES B,VIERNES,18 km,-,MATUTINO,LOCAL,MIXTO,41003 LIBERTAD EXPRESION,ALFONSO G CALDERON,23.25873704,-106.4381111,AAA,MAZATLβàöΟÖN,MAZATLAN,SINALOA,MβàöΟΔXICO,2842 10 PALLETS,85500,3,3,41003,4,82127,7,12.67269737,88.70888158,12,840,85500,MIβàöΟΔRCOLES A,3,MIβàöΟΔRCOLES B,3,12.67269737,88.70888158,82127,2842 10 PALLETS,JUEVES A,JUEVES B,VIERNES,-,41003,ALFONSO G CALDERON,MIXTO,MIXTO,MβàöΟΔXICO,4,-
-106.4418583,23.258425,0,MZTM14,CESAR MENDIVIL,DIEGO SILVA,RUTA SECOS,-,MIβàöΟΔRCOLES A,MIβàöΟΔRCOLES B,MIXTO,JUEVES A,JUEVES B,VIERNES,18 km,-,MATUTINO,LOCAL,MIXTO,41017 EL CID,AV DE LA MARINA,23.258425,-106.4418583,AAA,MAZATLβàöΟÖN,MAZATLAN,SINALOA,MβàöΟΔXICO,2842 10 PALLETS,85500,3,3,41017,5,82127,7,12.93585526,90.55098684,12,840,85500,MIβàöΟΔRCOLES A,3,MIβàöΟΔRCOLES B,3,12.93585526,90.55098684,82127,2842 10 PALLETS,JUEVES A,JUEVES B,VIERNES,-,41017,AV DE LA MARINA,MIXTO,MIXTO,MβàöΟΔXICO,5,-
-106.441276,23.287043,0,MZTM14,CESAR MENDIVIL,DIEGO SILVA,RUTA SECOS,-,MIβàöΟΔRCOLES A,MIβàöΟΔRCOLES B,MIXTO,JUEVES A,JUEVES B,VIERNES,18 km,-,MATUTINO,LOCAL,MIXTO,41127 PACIFICO,BLVD OSCAR PEREZ ESCOBOSA,23.287043,-106.441276,A,MAZATLβàöΟÖN,MAZATLAN,SINALOA,MβàöΟΔXICO,2842 10 PALLETS,85500,3,3,41127,6,82124,7,11.57072368,80.99506579,12,840,85500,MIβàöΟΔRCOLES A,3,MIβàöΟΔRCOLES B,3,11.57072368,80.99506579,82124,2842 10 PALLETS,JUEVES A,JUEVES B,VIERNES,-,41127,BLVD OSCAR PEREZ ESCOBOSA,MIXTO,MIXTO,MβàöΟΔXICO,6,-
-105.861975,22.989085,0,MZTM15,CHRISTIAN CARRASCO,JORGE BANDILLA,RUTA SECOS,-,MIβàöΟΔRCOLES A,MIβàöΟΔRCOLES B,MIXTO,JUEVES A,JUEVES B,VIERNES,199 km,-,MATUTINO,FORANEA,MIXTO,41110 LAGUNA EL ROSARIO,GUILLERMO ELIZONDO,22.989085,-105.861975,AA,MAZATLβàöΟÖN,ROSARIO,SINALOA,MβàöΟΔXICO,2843 12 PALLETS,85500,3,3,41110,1,82807,7,10.60855263,74.25986842,10,720,85500,MIβàöΟΔRCOLES A,3,MIβàöΟΔRCOLES B,3,10.60855263,74.25986842,82807,2843 12 PALLETS,JUEVES A,JUEVES B,VIERNES,-,41110,GUILLERMO ELIZONDO,MIXTO,MIXTO,MβàöΟΔXICO,1,-
-105.86035,22.99582,0,MZTM15,CHRISTIAN CARRASCO,JORGE BANDILLA,RUTA SECOS,-,MIβàöΟΔRCOLES A,MIβàöΟΔRCOLES B,MIXTO,JUEVES A,JUEVES B,VIERNES,199 km,-,MATUTINO,FORANEA,MIXTO,41093 LOPEZ PORTILLO,JOSE LOPEZ PORTILLO,22.99582,-105.86035,AAA,MAZATLβàöΟÖN,ROSARIO,SINALOA,MβàöΟΔXICO,2843 12 PALLETS,85500,3,3,41093,2,82802,7,14.24342105,99.70394737,10,720,85500,MIβàöΟΔRCOLES A,3,MIβàöΟΔRCOLES B,3,14.24342105,99.70394737,82802,2843 12 PALLETS,JUEVES A,JUEVES B,VIERNES,-,41093,JOSE LOPEZ PORTILLO,MIXTO,MIXTO,MβàöΟΔXICO,2,-
-105.8606,22.99849,0,MZTM15,CHRISTIAN CARRASCO,JORGE BANDILLA,RUTA SECOS,-,MIβàöΟΔRCOLES A,MIβàöΟΔRCOLES B,MIXTO,JUEVES A,JUEVES B,VIERNES,199 km,-,MATUTINO,FORANEA,MIXTO,41098 PRESIDENTES,AV. LUIS DONALDO COLOSIO,22.99849,-105.8606,AA,MAZATLβàöΟÖN,ROSARIO,SINALOA,MβàöΟΔXICO,2843 12 PALLETS,85500,3,3,41098,3,82802,7,10,70,10,720,85500,MIβàöΟΔRCOLES A,3,MIβàöΟΔRCOLES B,3,10,70,82802,2843 12 PALLETS,JUEVES A,JUEVES B,VIERNES,-,41098,AV. LUIS DONALDO COLOSIO,MIXTO,MIXTO,MβàöΟΔXICO,3,-
-105.781583,22.83711,0,MZTM15,CHRISTIAN CARRASCO,JORGE BANDILLA,RUTA SECOS,-,MIβàöΟΔRCOLES A,MIβàöΟΔRCOLES B,MIXTO,JUEVES A,JUEVES B,VIERNES,199 km,-,MATUTINO,FORANEA,MIXTO,41116 MALECON ESCUINAPA,MALECON SIGLO XXI,22.83711,-105.781583,A,MAZATLβàöΟÖN,ESCUINAPA,SINALOA,MβàöΟΔXICO,2843 12 PALLETS,85500,3,3,41116,4,82400,7,6.282894737,43.98026316,10,720,85500,MIβàöΟΔRCOLES A,3,MIβàöΟΔRCOLES B,3,6.282894737,43.98026316,82400,2843 12 PALLETS,JUEVES A,JUEVES B,VIERNES,-,41116,MALECON SIGLO XXI,MIXTO,MIXTO,MβàöΟΔXICO,4,-
-105.78265,22.8309,0,MZTM15,CHRISTIAN CARRASCO,JORGE BANDILLA,RUTA SECOS,-,MIβàöΟΔRCOLES A,MIβàöΟΔRCOLES B,MIXTO,JUEVES A,JUEVES B,VIERNES,199 km,-,MATUTINO,FORANEA,MIXTO,41095 OCCIDENTAL,AV. OCCIDENTAL,22.8309,-105.78265,AA,MAZATLβàöΟÖN,ESCUINAPA,SINALOA,MβàöΟΔXICO,2843 12 PALLETS,85500,3,3,41095,5,82400,7,9.202302632,64.41611842,10,720,85500,MIβàöΟΔRCOLES A,3,MIβàöΟΔRCOLES B,3,9.202302632,64.41611842,82400,2843 12 PALLETS,JUEVES A,JUEVES B,VIERNES,-,41095,AV. OCCIDENTAL,MIXTO,MIXTO,MβàöΟΔXICO,5,-
-105.788064,22.821306,0,MZTM15,CHRISTIAN CARRASCO,JORGE BANDILLA,RUTA SECOS,-,MIβàöΟΔRCOLES A,MIβàöΟΔRCOLES B,MIXTO,JUEVES A,JUEVES B,VIERNES,199 km,-,MATUTINO,FORANEA,MIXTO,41094 SOLIDARIDAD,JOSE MARIA MORELOS Y PAVON,22.821306,-105.788064,A,MAZATLβàöΟÖN,ESCUINAPA,SINALOA,MβàöΟΔXICO,2843 12 PALLETS,85500,3,3,41094,6,82457,7,7.952302632,55.66611842,10,720,85500,MIβàöΟΔRCOLES A,3,MIβàöΟΔRCOLES B,3,7.952302632,55.66611842,82457,2843 12 PALLETS,JUEVES A,JUEVES B,VIERNES,-,41094,JOSE MARIA MORELOS Y PAVON,MIXTO,MIXTO,MβàöΟΔXICO,6,-
-105.778175,22.831721,0,MZTM15,CHRISTIAN CARRASCO,JORGE BANDILLA,RUTA SECOS,-,MIβàöΟΔRCOLES A,MIβàöΟΔRCOLES B,MIXTO,JUEVES A,JUEVES B,VIERNES,199 km,-,MATUTINO,FORANEA,MIXTO,41102 FRANCISCO PEREZ,FRANCISCO PEREZ,22.831721,-105.778175,A,MAZATLβàöΟÖN,ESCUINAPA,SINALOA,MβàöΟΔXICO,2843 12 PALLETS,85500,3,3,41102,7,82400,7,5.46875,38.28125,10,720,85500,MIβàöΟΔRCOLES A,3,MIβàöΟΔRCOLES B,3,5.46875,38.28125,82400,2843 12 PALLETS,JUEVES A,JUEVES B,VIERNES,-,41102,FRANCISCO PEREZ,MIXTO,MIXTO,MβàöΟΔXICO,7,-
-105.77252,22.83474,0,MZTM15,CHRISTIAN CARRASCO,JORGE BANDILLA,RUTA SECOS,-,MIβàöΟΔRCOLES A,MIβàöΟΔRCOLES B,MIXTO,JUEVES A,JUEVES B,VIERNES,199 km,-,MATUTINO,FORANEA,MIXTO,41104 MIGUEL HIDALGO,MIGUEL HIDALGO,22.83474,-105.77252,A,MAZATLβàöΟÖN,ESCUINAPA,SINALOA,MβàöΟΔXICO,2843 12 PALLETS,85500,3,3,41104,8,82400,7,6.990131579,48.93092105,10,720,85500,MIβàöΟΔRCOLES A,3,MIβàöΟΔRCOLES B,3,6.990131579,48.93092105,82400,2843 12 PALLETS,JUEVES A,JUEVES B,VIERNES,-,41104,MIGUEL HIDALGO,MIXTO,MIXTO,MβàöΟΔXICO,8,-
-106.407877,23.27539,0,MZTM16,HUMBERTO GARCIA,ZAHID BURGUEβàöΟΪO,RUTA SECOS,-,MIβàöΟΔRCOLES A,MIβàöΟΔRCOLES B,MIXTO,JUEVES A,JUEVES B,VIERNES,112 km,-,VESPERTINO,LOCAL,MIXTO,41090 HOGAR DEL PESCADOR,COOPERATIVA 21 DE AGOSTO,23.27539,-106.407877,AA,MAZATLβàöΟÖN,MAZATLAN,SINALOA,MβàöΟΔXICO,2450 10 PALLETS,85500,3,3,41090,1,82134,7,10.92927632,76.50493421,12,840,85500,MIβàöΟΔRCOLES A,3,MIβàöΟΔRCOLES B,3,10.92927632,76.50493421,82134,2450 10 PALLETS,JUEVES A,JUEVES B,VIERNES,-,41090,COOPERATIVA 21 DE AGOSTO,MIXTO,MIXTO,MβàöΟΔXICO,1,2 h
-106.401614,23.264829,0,MZTM16,HUMBERTO GARCIA,ZAHID BURGUEβàöΟΪO,RUTA SECOS,-,MIβàöΟΔRCOLES A,MIβàöΟΔRCOLES B,MIXTO,JUEVES A,JUEVES B,VIERNES,112 km,-,VESPERTINO,LOCAL,MIXTO,41067 JARIPILLO,AV SANTA ROSA,23.264829,-106.401614,AAA,MAZATLβàöΟÖN,MAZATLAN,SINALOA,MβàöΟΔXICO,2450 10 PALLETS,85500,3,3,41067,2,82136,7,10.67434211,74.72039474,10,720,85500,MIβàöΟΔRCOLES A,3,MIβàöΟΔRCOLES B,3,10.67434211,74.72039474,82136,2450 10 PALLETS,JUEVES A,JUEVES B,VIERNES,-,41067,AV SANTA ROSA,MIXTO,MIXTO,MβàöΟΔXICO,2,2 h
-106.221586,23.18988,0,MZTM16,HUMBERTO GARCIA,ZAHID BURGUEβàöΟΪO,RUTA SECOS,-,MIβàöΟΔRCOLES A,MIβàöΟΔRCOLES B,MIXTO,JUEVES A,JUEVES B,VIERNES,112 km,-,VESPERTINO,FORANEA,MIXTO,41063 PUENTE RIO PRESIDIO,CARR INTERNACIONAL AL SUR,23.18988,-106.221586,AA,MAZATLβàöΟÖN,MAZATLAN,SINALOA,MβàöΟΔXICO,2450 10 PALLETS,85500,3,3,41063,3,82210,7,7.253289474,50.77302632,10,720,85500,MIβàöΟΔRCOLES A,3,MIβàöΟΔRCOLES B,3,7.253289474,50.77302632,82210,2450 10 PALLETS,JUEVES A,JUEVES B,VIERNES,-,41063,CARR INTERNACIONAL AL SUR,MIXTO,MIXTO,MβàöΟΔXICO,3,2 h
-106.214504,23.193589,0,MZTM16,HUMBERTO GARCIA,ZAHID BURGUEβàöΟΪO,RUTA SECOS,-,MIβàöΟΔRCOLES A,MIβàöΟΔRCOLES B,MIXTO,JUEVES A,JUEVES B,VIERNES,112 km,-,VESPERTINO,FORANEA,MIXTO,41054 MADERO VILLA UNION,FRANCISCO I MADERO,23.193589,-106.214504,AA,MAZATLβàöΟÖN,MAZATLAN,SINALOA,MβàöΟΔXICO,2450 10 PALLETS,85500,3,3,41054,4,82210,7,7.138157895,49.96710526,10,720,85500,MIβàöΟΔRCOLES A,3,MIβàöΟΔRCOLES B,3,7.138157895,49.96710526,82210,2450 10 PALLETS,JUEVES A,JUEVES B,VIERNES,-,41054,FRANCISCO I MADERO,MIXTO,MIXTO,MβàöΟΔXICO,4,2 h
-106.208025,23.195713,0,MZTM16,HUMBERTO GARCIA,ZAHID BURGUEβàöΟΪO,RUTA SECOS,-,MIβàöΟΔRCOLES A,MIβàöΟΔRCOLES B,MIXTO,JUEVES A,JUEVES B,VIERNES,112 km,-,VESPERTINO,FORANEA,MIXTO,41073 FLOR DE MAYO,CARR MAZATLAN-DURANGO,23.195713,-106.208025,AA,MAZATLβàöΟÖN,MAZATLAN,SINALOA,MβàöΟΔXICO,2450 10 PALLETS,85500,3,3,41073,5,82214,7,9.21875,64.53125,10,720,85500,MIβàöΟΔRCOLES A,3,MIβàöΟΔRCOLES B,3,9.21875,64.53125,82214,2450 10 PALLETS,JUEVES A,JUEVES B,VIERNES,-,41073,CARR MAZATLAN-DURANGO,MIXTO,MIXTO,MβàöΟΔXICO,5,2 h
-106.062472,23.287725,0,MZTM16,HUMBERTO GARCIA,ZAHID BURGUEβàöΟΪO,RUTA SECOS,-,MIβàöΟΔRCOLES A,MIβàöΟΔRCOLES B,MIXTO,JUEVES A,JUEVES B,VIERNES,112 km,-,VESPERTINO,FORANEA,MIXTO,41100 GAS CONCORDIA,CARR. MAZATLAN-DURANGO KM 44.5,23.287725,-106.062472,AA,MAZATLβàöΟÖN,CONCORDIA,SINALOA,MβàöΟΔXICO,2450 10 PALLETS,85500,3,3,41100,6,82600,7,9.432565789,66.02796053,10,720,85500,MIβàöΟΔRCOLES A,3,MIβàöΟΔRCOLES B,3,9.432565789,66.02796053,82600,2450 10 PALLETS,JUEVES A,JUEVES B,VIERNES,-,41100,CARR. MAZATLAN-DURANGO KM 44.5,MIXTO,MIXTO,MβàöΟΔXICO,6,2 h
-106.238388,23.192814,0,MZTM16,HUMBERTO GARCIA,ZAHID BURGUEβàöΟΪO,RUTA SECOS,-,MIβàöΟΔRCOLES A,MIβàöΟΔRCOLES B,MIXTO,JUEVES A,JUEVES B,VIERNES,112 km,-,VESPERTINO,FORANEA,MIXTO,41118 GAS EL POZOLE,CARRETERA INTERNACIONAL AL SUR KM 60,23.192814,-106.238388,A,MAZATLβàöΟÖN,MAZATLAN,SINALOA,MβàöΟΔXICO,2450 10 PALLETS,85500,3,3,41118,7,82275,7,4.432565789,31.02796053,10,720,85500,MIβàöΟΔRCOLES A,3,MIβàöΟΔRCOLES B,3,4.432565789,31.02796053,82275,2450 10 PALLETS,JUEVES A,JUEVES B,VIERNES,-,41118,CARRETERA INTERNACIONAL AL SUR KM 60,MIXTO,MIXTO,MβàöΟΔXICO,7,2 h
-106.408731,23.265486,0,MZTM17,CESAR MENDIVIL,DIEGO SILVA,RUTA SECOS,-,MIβàöΟΔRCOLES A,MIβàöΟΔRCOLES B,MIXTO,JUEVES A,JUEVES B,SβàöΟÖBADO,16 km,-,MATUTINO,LOCAL,MIXTO,41014 JABALIES,ANDADOR COLINA,23.265486,-106.408731,AAA,MAZATLβàöΟÖN,MAZATLAN,SINALOA,MβàöΟΔXICO,2842 10 PALLETS,85500,3,3,41014,1,82132,7,10.64144737,74.49013158,10,720,85500,MIβàöΟΔRCOLES A,3,MIβàöΟΔRCOLES B,3,10.64144737,74.49013158,82132,2842 10 PALLETS,JUEVES A,JUEVES B,SβàöΟÖBADO,-,41014,ANDADOR COLINA,MIXTO,MIXTO,MβàöΟΔXICO,1,-
-106.410618,23.234435,0,MZTM17,CESAR MENDIVIL,DIEGO SILVA,RUTA SECOS,-,MIβàöΟΔRCOLES A,MIβàöΟΔRCOLES B,MIXTO,JUEVES A,JUEVES B,SβàöΟÖBADO,16 km,-,MATUTINO,LOCAL,MIXTO,41080 OLIMPICA,HERACLIO BERNAL,23.234435,-106.410618,AA,MAZATLβàöΟÖN,MAZATLAN,SINALOA,MβàöΟΔXICO,2842 10 PALLETS,85500,3,3,41080,2,82150,7,8.305921053,58.14144737,10,720,85500,MIβàöΟΔRCOLES A,3,MIβàöΟΔRCOLES B,3,8.305921053,58.14144737,82150,2842 10 PALLETS,JUEVES A,JUEVES B,SβàöΟÖBADO,-,41080,HERACLIO BERNAL,MIXTO,MIXTO,MβàöΟΔXICO,2,-
-106.407471,23.232902,0,MZTM17,CESAR MENDIVIL,DIEGO SILVA,RUTA SECOS,-,MIβàöΟΔRCOLES A,MIβàöΟΔRCOLES B,MIXTO,JUEVES A,JUEVES B,SβàöΟÖBADO,16 km,-,MATUTINO,LOCAL,MIXTO,41043 JUAREZ,AV INSURGENTES,23.232902,-106.407471,AA,MAZATLβàöΟÖN,MAZATLAN,SINALOA,MβàöΟΔXICO,2842 10 PALLETS,85500,3,3,41043,3,82180,7,10.70723684,74.95065789,10,720,85500,MIβàöΟΔRCOLES A,3,MIβàöΟΔRCOLES B,3,10.70723684,74.95065789,82180,2842 10 PALLETS,JUEVES A,JUEVES B,SβàöΟÖBADO,-,41043,AV INSURGENTES,MIXTO,MIXTO,MβàöΟΔXICO,3,-
-106.409109,23.230049,0,MZTM17,CESAR MENDIVIL,DIEGO SILVA,RUTA SECOS,-,MIβàöΟΔRCOLES A,MIβàöΟΔRCOLES B,MIXTO,JUEVES A,JUEVES B,SβàöΟÖBADO,16 km,-,MATUTINO,LOCAL,MIXTO,41108 PEREZ ARCE,ENRIQUE PEREA ARCE,23.230049,-106.409109,AA,MAZATLβàöΟÖN,MAZATLAN,SINALOA,MβàöΟΔXICO,2842 10 PALLETS,85500,3,3,41108,4,82180,7,9.481907895,66.37335526,10,720,85500,MIβàöΟΔRCOLES A,3,MIβàöΟΔRCOLES B,3,9.481907895,66.37335526,82180,2842 10 PALLETS,JUEVES A,JUEVES B,SβàöΟÖBADO,-,41108,ENRIQUE PEREA ARCE,MIXTO,MIXTO,MβàöΟΔXICO,4,-
-106.402445,23.229088,0,MZTM17,CESAR MENDIVIL,DIEGO SILVA,RUTA SECOS,-,MIβàöΟΔRCOLES A,MIβàöΟΔRCOLES B,MIXTO,JUEVES A,JUEVES B,SβàöΟÖBADO,16 km,-,MATUTINO,LOCAL,MIXTO,41086 JUAREZ INTERNACIONAL,PRIVADA DE LA BATERIA,23.229088,-106.402445,AA,MAZATLβàöΟÖN,MAZATLAN,SINALOA,MβàöΟΔXICO,2842 10 PALLETS,85500,3,3,41086,5,82180,7,8.207236842,57.45065789,10,720,85500,MIβàöΟΔRCOLES A,3,MIβàöΟΔRCOLES B,3,8.207236842,57.45065789,82180,2842 10 PALLETS,JUEVES A,JUEVES B,SβàöΟÖBADO,-,41086,PRIVADA DE LA BATERIA,MIXTO,MIXTO,MβàöΟΔXICO,5,-
-106.399306,23.229463,0,MZTM17,CESAR MENDIVIL,DIEGO SILVA,RUTA SECOS,-,MIβàöΟΔRCOLES A,MIβàöΟΔRCOLES B,MIXTO,JUEVES A,JUEVES B,SβàöΟÖBADO,16 km,-,MATUTINO,LOCAL,MIXTO,41115 INDEPENDENCIA,MANUEL SALAZAR,23.229463,-106.399306,A,MAZATLβàöΟÖN,MAZATLAN,SINALOA,MβàöΟΔXICO,2842 10 PALLETS,85500,3,3,41115,6,82180,7,4.613486842,32.29440789,10,720,85500,MIβàöΟΔRCOLES A,3,MIβàöΟΔRCOLES B,3,4.613486842,32.29440789,82180,2842 10 PALLETS,JUEVES A,JUEVES B,SβàöΟÖBADO,-,41115,MANUEL SALAZAR,MIXTO,MIXTO,MβàöΟΔXICO,6,-
-106.4017859,23.23563362,0,MZTM17,CESAR MENDIVIL,DIEGO SILVA,RUTA SECOS,-,MIβàöΟΔRCOLES A,MIβàöΟΔRCOLES B,MIXTO,JUEVES A,JUEVES B,SβàöΟÖBADO,16 km,-,MATUTINO,LOCAL,MIXTO,41016 LAS AMERICAS,AV DE LAS AMERICAS,23.23563362,-106.4017859,AAA,MAZATLβàöΟÖN,MAZATLAN,SINALOA,MβàöΟΔXICO,2842 10 PALLETS,85500,3,3,41016,7,82180,7,12.78782895,89.51480263,10,720,85500,MIβàöΟΔRCOLES A,3,MIβàöΟΔRCOLES B,3,12.78782895,89.51480263,82180,2842 10 PALLETS,JUEVES A,JUEVES B,SβàöΟÖBADO,-,41016,AV DE LAS AMERICAS,MIXTO,MIXTO,MβàöΟΔXICO,7,-
-106.390404,23.254383,0,MZTM18,HUMBERTO GARCIA,ZAHID BURGUEβàöΟΪO,RUTA SECOS,-,MIβàöΟΔRCOLES A,MIβàöΟΔRCOLES B,MIXTO,JUEVES A,JUEVES B,SβàöΟÖBADO,19 km,-,MATUTINO,LOCAL,MIXTO,41046 LAURELES,AV OSCAR PEREZ ESCOBOZA,23.254383,-106.390404,AAA,MAZATLβàöΟÖN,MAZATLAN,SINALOA,MβàöΟΔXICO,2843 12 PALLETS,85500,3,3,41046,1,82139,7,13.38815789,93.71710526,10,720,85500,MIβàöΟΔRCOLES A,3,MIβàöΟΔRCOLES B,3,13.38815789,93.71710526,82139,2843 12 PALLETS,JUEVES A,JUEVES B,SβàöΟÖBADO,-,41046,AV OSCAR PEREZ ESCOBOZA,MIXTO,MIXTO,MβàöΟΔXICO,1,1 h
-106.3902173,23.23230401,0,MZTM18,HUMBERTO GARCIA,ZAHID BURGUEβàöΟΪO,RUTA SECOS,-,MIβàöΟΔRCOLES A,MIβàöΟΔRCOLES B,MIXTO,JUEVES A,JUEVES B,SβàöΟÖBADO,19 km,-,MATUTINO,LOCAL,MIXTO,41029 GASMAZ,CARRET INTERNACIONAL,23.23230401,-106.3902173,AAA,MAZATLβàöΟÖN,MAZATLAN,SINALOA,MβàöΟΔXICO,2843 12 PALLETS,85500,3,3,41029,2,82190,7,12.00657895,84.04605263,10,720,85500,MIβàöΟΔRCOLES A,3,MIβàöΟΔRCOLES B,3,12.00657895,84.04605263,82190,2843 12 PALLETS,JUEVES A,JUEVES B,SβàöΟÖBADO,-,41029,CARRET INTERNACIONAL,MIXTO,MIXTO,MβàöΟΔXICO,2,1 h
-106.393189,23.225194,0,MZTM18,HUMBERTO GARCIA,ZAHID BURGUEβàöΟΪO,RUTA SECOS,-,MIβàöΟΔRCOLES A,MIβàöΟΔRCOLES B,MIXTO,JUEVES A,JUEVES B,SβàöΟÖBADO,19 km,-,MATUTINO,LOCAL,MIXTO,41077 PINO SUAREZ,AV PINO SUAREZ,23.225194,-106.393189,AAA,MAZATLβàöΟÖN,MAZATLAN,SINALOA,MβàöΟΔXICO,2843 12 PALLETS,85500,3,3,41077,3,82060,7,12.59868421,88.19078947,10,720,85500,MIβàöΟΔRCOLES A,3,MIβàöΟΔRCOLES B,3,12.59868421,88.19078947,82060,2843 12 PALLETS,JUEVES A,JUEVES B,SβàöΟÖBADO,-,41077,AV PINO SUAREZ,MIXTO,MIXTO,MβàöΟΔXICO,3,1 h
-106.396249,23.230285,0,MZTM18,HUMBERTO GARCIA,ZAHID BURGUEβàöΟΪO,RUTA SECOS,-,MIβàöΟΔRCOLES A,MIβàöΟΔRCOLES B,MIXTO,JUEVES A,JUEVES B,SβàöΟÖBADO,19 km,-,MATUTINO,LOCAL,MIXTO,41033 EL MARINO,CALZADA PEDRO INFANTE,23.230285,-106.396249,AA,MAZATLβàöΟÖN,MAZATLAN,SINALOA,MβàöΟΔXICO,2843 12 PALLETS,85500,3,3,41033,4,82188,7,11.02796053,77.19572368,10,720,85500,MIβàöΟΔRCOLES A,3,MIβàöΟΔRCOLES B,3,11.02796053,77.19572368,82188,2843 12 PALLETS,JUEVES A,JUEVES B,SβàöΟÖBADO,-,41033,CALZADA PEDRO INFANTE,MIXTO,MIXTO,MβàöΟΔXICO,4,1 h
-106.40822,23.24524,0,MZTM18,HUMBERTO GARCIA,ZAHID BURGUEβàöΟΪO,RUTA SECOS,-,MIβàöΟΔRCOLES A,MIβàöΟΔRCOLES B,MIXTO,JUEVES A,JUEVES B,SβàöΟÖBADO,19 km,-,MATUTINO,LOCAL,MIXTO,41092 20 DE NOVIEMBRE,SALVADOR ROBLES QUINTERO,23.24524,-106.40822,A,MAZATLβàöΟÖN,MAZATLAN,SINALOA,MβàöΟΔXICO,2843 12 PALLETS,85500,3,3,41092,5,82170,7,8.651315789,60.55921053,10,720,85500,MIβàöΟΔRCOLES A,3,MIβàöΟΔRCOLES B,3,8.651315789,60.55921053,82170,2843 12 PALLETS,JUEVES A,JUEVES B,SβàöΟÖBADO,-,41092,SALVADOR ROBLES QUINTERO,MIXTO,MIXTO,MβàöΟΔXICO,5,1 h
-106.40426,23.2479,0,MZTM18,HUMBERTO GARCIA,ZAHID BURGUEβàöΟΪO,RUTA SECOS,-,MIβàöΟΔRCOLES A,MIβàöΟΔRCOLES B,MIXTO,JUEVES A,JUEVES B,SβàöΟÖBADO,19 km,-,MATUTINO,LOCAL,MIXTO,41091 SALVADOR ALLENDE,FIDEL VELAZQUEZ,23.2479,-106.40426,A,MAZATLβàöΟÖN,MAZATLAN,SINALOA,MβàöΟΔXICO,2843 12 PALLETS,85500,3,3,41091,6,82164,7,6.694078947,46.85855263,10,720,85500,MIβàöΟΔRCOLES A,3,MIβàöΟΔRCOLES B,3,6.694078947,46.85855263,82164,2843 12 PALLETS,JUEVES A,JUEVES B,SβàöΟÖBADO,-,41091,FIDEL VELAZQUEZ,MIXTO,MIXTO,MβàöΟΔXICO,6,1 h
